claim,label,evidence
Nikolaj Coster-Waldau worked with the Fox Broadcasting Company.,SUPPORTS,
Nikolaj Coster-Waldau worked with the Fox Broadcasting Company.,SUPPORTS,
Roman Atwood is a content creator.,SUPPORTS,
Roman Atwood is a content creator.,SUPPORTS,
"History of art includes architecture, dance, sculpture, music, painting, poetry literature, theatre, narrative, film, photography and graphic arts.",SUPPORTS,
Adrienne Bailon is an accountant.,REFUTES,
System of a Down briefly disbanded in limbo.,NOT ENOUGH INFO,
Homeland is an American television spy thriller based on the Israeli television series Prisoners of War.,SUPPORTS,
Homeland is an American television spy thriller based on the Israeli television series Prisoners of War.,SUPPORTS,
Beautiful reached number two on the Billboard Hot 100 in 2003.,NOT ENOUGH INFO,
Neal Schon was named in 1954.,NOT ENOUGH INFO,
The Boston Celtics play their home games at TD Garden.,SUPPORTS,
The Boston Celtics play their home games at TD Garden.,SUPPORTS,
The Ten Commandments is an epic film.,SUPPORTS,
The Ten Commandments is an epic film.,SUPPORTS,
Tetris has sold millions of physical copies.,SUPPORTS,
Cyndi Lauper won the Best New Artist award at the 27th Grammy Awards in 1985.,SUPPORTS,
There is a movie called The Hunger Games.,SUPPORTS,
There is a movie called The Hunger Games.,SUPPORTS,
There is a movie called The Hunger Games.,SUPPORTS,
There is a movie called The Hunger Games.,SUPPORTS,
Ryan Gosling has been to a country in Africa.,SUPPORTS,
Ryan Gosling has been to a country in Africa.,SUPPORTS,
"Stranger Things is set in Bloomington, Indiana.",REFUTES,
Ryan Seacrest is a person.,SUPPORTS,
Ryan Seacrest is a person.,SUPPORTS,
Ryan Seacrest is a person.,SUPPORTS,
Ryan Seacrest is a person.,SUPPORTS,
Puerto Rico is not an unincorporated territory of the United States.,REFUTES,
Michael Giacchino composed the score for Doctor Strange.,SUPPORTS,
Stranger than Fiction is a film.,SUPPORTS,
Chris Hemsworth appeared in A Perfect Getaway.,SUPPORTS,
Selena recorded music.,SUPPORTS,
Selena recorded music.,SUPPORTS,
Selena recorded music.,SUPPORTS,
Selena recorded music.,SUPPORTS,
Selena recorded music.,SUPPORTS,
Selena recorded music.,SUPPORTS,
Selena recorded music.,SUPPORTS,
Selena recorded music.,SUPPORTS,
Selena recorded music.,SUPPORTS,
Selena recorded music.,SUPPORTS,
Selena recorded music.,SUPPORTS,
Selena recorded music.,SUPPORTS,
Selena recorded music.,SUPPORTS,
Selena recorded music.,SUPPORTS,
Selena recorded music.,SUPPORTS,
Selena recorded music.,SUPPORTS,
John Wick: Chapter 2 was theatrically released in the Oregon.,NOT ENOUGH INFO,
"Robert J. O'Neill was born April 10, 1976.",SUPPORTS,
Afghanistan is the source of the Kushan dynasty.,NOT ENOUGH INFO,
Marilyn Monroe worked with Warner Brothers.,NOT ENOUGH INFO,
The Silence of the Lambs was a film starring Scott Glenn.,SUPPORTS,
The Silence of the Lambs was a film starring Scott Glenn.,SUPPORTS,
Peggy Sue Got Married is a Egyptian film released in 1986.,REFUTES,
Peggy Sue Got Married is a Egyptian film released in 1986.,REFUTES,
Peggy Sue Got Married is a Egyptian film released in 1986.,REFUTES,
Andy Roddick lost 5 Master Series between 2002 and 2010.,REFUTES,
"As the Vietnam War raged in 1969, Yoko Ono and her husband John Lennon did not have two week-long Bed-Ins for Peace.",REFUTES,
Tupac Shakur was born Lesane Parish Crooks.,SUPPORTS,
Tupac Shakur was born Lesane Parish Crooks.,SUPPORTS,
Harold Ramis was a veteran.,NOT ENOUGH INFO,
"The Jim Henson Company produced The Muppet Movie, The Dark Crystal, and Labyrinth.",SUPPORTS,
United Nations was relocated to the United States in 1945.,NOT ENOUGH INFO,
Whoopi Goldberg co-produced an American dance tournament.,NOT ENOUGH INFO,
Slovenia uses the euro.,SUPPORTS,
Slovenia uses the euro.,SUPPORTS,
Iowa is a part of the Midwestern United States.,SUPPORTS,
Keith Urban is a person who sings.,NOT ENOUGH INFO,
Keith Urban is a person who sings.,NOT ENOUGH INFO,
Keith Urban is a person who sings.,NOT ENOUGH INFO,
Hotell is owned by Lisa Langseth.,NOT ENOUGH INFO,
Saratoga is an American film from 1937.,SUPPORTS,
J. Howard Marshall was a baby.,SUPPORTS,
J. Howard Marshall was a baby.,SUPPORTS,
Grace Jones is a dancer.,REFUTES,
Lisbon has a population larger than 1.,SUPPORTS,
Lisbon has a population larger than 1.,SUPPORTS,
Willie Nelson dropped out of college after three years.,REFUTES,
Malcolm Young was the co-founder of Australian hard rock band AC/DC.,SUPPORTS,
Nice & Slow is a jazz single.,NOT ENOUGH INFO,
Nice & Slow is a jazz single.,NOT ENOUGH INFO,
Nice & Slow is a jazz single.,NOT ENOUGH INFO,
Nice & Slow is a jazz single.,NOT ENOUGH INFO,
Nice & Slow is a jazz single.,NOT ENOUGH INFO,
Newfoundland and Labrador is the most linguistically homogeneous of Canada.,SUPPORTS,
Furia is adapted from a short story by Anna Politkovskaya.,REFUTES,
One state of the United States has Russia to its west.,SUPPORTS,
Sophie Turner was born in the 1990s.,SUPPORTS,
Mother Teresa was made a saint by the church.,SUPPORTS,
The Smurfs (film) was released.,SUPPORTS,
The Smurfs (film) was released.,SUPPORTS,
The Smurfs (film) was released.,SUPPORTS,
The Smurfs (film) was released.,SUPPORTS,
The Smurfs (film) was released.,SUPPORTS,
C. S. Forester's first name was Carl.,REFUTES,
Kong: Skull Island is a book.,REFUTES,
The Challenge was a scripted show.,REFUTES,
Berlin is the capital of Germany.,SUPPORTS,
South Korea has a highly educated workforce.,SUPPORTS,
Jimmy Carter led the international boycott of the 2010 Olympics.,NOT ENOUGH INFO,
Hulk(comics) is a cooking recipe published by Marvel Comics recipe books.,NOT ENOUGH INFO,
"Hacksaw Ridge came out in America on November 4, 2016.",SUPPORTS,
The blue-ringed octopus hunts sharks.,NOT ENOUGH INFO,
Buddy Holly's dog's name was Tito Rodriguez.,NOT ENOUGH INFO,
Buddy Holly's dog's name was Tito Rodriguez.,NOT ENOUGH INFO,
Buddy Holly's dog's name was Tito Rodriguez.,NOT ENOUGH INFO,
Buddy Holly's dog's name was Tito Rodriguez.,NOT ENOUGH INFO,
Buddy Holly's dog's name was Tito Rodriguez.,NOT ENOUGH INFO,
Buddy Holly's dog's name was Tito Rodriguez.,NOT ENOUGH INFO,
Michael Fassbender is an actor.,SUPPORTS,
Michael Fassbender is an actor.,SUPPORTS,
Michael Fassbender is an actor.,SUPPORTS,
Michael Fassbender is an actor.,SUPPORTS,
Red Headed Stranger is a movie.,REFUTES,
Red Headed Stranger is a movie.,REFUTES,
Richard Eyre was born on an island.,NOT ENOUGH INFO,
Paul Bettany has played Vision in at least two works.,SUPPORTS,
Paul Bettany has played Vision in at least two works.,SUPPORTS,
Scotland's Hebrides is widespread and diverse with many islands.,SUPPORTS,
Scotland's Hebrides is widespread and diverse with many islands.,SUPPORTS,
Ricky Martin has cried on TV.,NOT ENOUGH INFO,
Ricky Martin has cried on TV.,NOT ENOUGH INFO,
Uzbekistan is a part of the Commonwealth of Independent States (CIS).,SUPPORTS,
Paul Wesley is a professional alias.,NOT ENOUGH INFO,
"Charles, Prince of Wales is patron of numerous other organizations.",SUPPORTS,
Chester Bennington is not a singer.,REFUTES,
Chester Bennington is not a singer.,REFUTES,
Chester Bennington is not a singer.,REFUTES,
Chester Bennington is not a singer.,REFUTES,
Chester Bennington is not a singer.,REFUTES,
Vincent Cassel played Jacques Mesrine in at least two films.,SUPPORTS,
Pope John Paul II co-stars many actors besides Christopher Lee.,SUPPORTS,
David Beckham has zero middle names.,REFUTES,
Indiana Jones has only been portrayed by Harrison Ford.,REFUTES,
Brian Wilson was part of the Beach Boys.,SUPPORTS,
Brian Wilson was part of the Beach Boys.,SUPPORTS,
Brian Wilson was part of the Beach Boys.,SUPPORTS,
Brian Wilson was part of the Beach Boys.,SUPPORTS,
Brian Wilson was part of the Beach Boys.,SUPPORTS,
Brian Wilson was part of the Beach Boys.,SUPPORTS,
Brian Wilson was part of the Beach Boys.,SUPPORTS,
Brian Wilson was part of the Beach Boys.,SUPPORTS,
Brian Wilson was part of the Beach Boys.,SUPPORTS,
Brian Wilson was part of the Beach Boys.,SUPPORTS,
Brian Wilson was part of the Beach Boys.,SUPPORTS,
Brian Wilson was part of the Beach Boys.,SUPPORTS,
Brian Wilson was part of the Beach Boys.,SUPPORTS,
The Existence of God has been argued through the Five Ways.,NOT ENOUGH INFO,
The Great Gatsby centers on a youthful person with over a million dollars.,SUPPORTS,
Shane Black and Chris Miller wrote Iron Man 3.,REFUTES,
"La La Anthony was conceived on June 25th, 1979.",REFUTES,
Led Zeppelin is a band.,SUPPORTS,
Led Zeppelin is a band.,SUPPORTS,
Led Zeppelin is a band.,SUPPORTS,
Led Zeppelin is a band.,SUPPORTS,
Led Zeppelin is a band.,SUPPORTS,
Led Zeppelin is a band.,SUPPORTS,
Led Zeppelin is a band.,SUPPORTS,
Led Zeppelin is a band.,SUPPORTS,
Led Zeppelin is a band.,SUPPORTS,
Led Zeppelin is a band.,SUPPORTS,
Led Zeppelin is a band.,SUPPORTS,
Led Zeppelin is a band.,SUPPORTS,
Led Zeppelin is a band.,SUPPORTS,
Led Zeppelin is a band.,SUPPORTS,
Led Zeppelin is a band.,SUPPORTS,
Led Zeppelin is a band.,SUPPORTS,
Led Zeppelin is a band.,SUPPORTS,
"Richard Harris was born on October 25, 2002.",SUPPORTS,
The Fosters is a television series.,SUPPORTS,
The Fosters is a television series.,SUPPORTS,
Blair is Jonathan Hensleigh's middle name.,SUPPORTS,
Filmfare is about cheese.,REFUTES,
Buckingham Palace lacks brightly colored scagliola.,REFUTES,
Sarah Paulson makes an appearance in What Women Want.,SUPPORTS,
David Harbour is an American.,SUPPORTS,
Nicole Scherzinger toured 15 times.,NOT ENOUGH INFO,
Nicole Scherzinger toured 15 times.,NOT ENOUGH INFO,
The terrain of Kazakhstan includes taiga.,SUPPORTS,
Sade (singer) has a song called London.,NOT ENOUGH INFO,
"José María Chacón surrendered the island of Trinidad in 1797, one year before his death.",REFUTES,
Liverpool F.C. was valued at $1.55 billion at one point.,SUPPORTS,
Land Rover makes cars.,SUPPORTS,
Land Rover makes cars.,SUPPORTS,
Sully is a form of media.,SUPPORTS,
Stanley Tucci performed in an television series.,SUPPORTS,
Stanley Tucci performed in an television series.,SUPPORTS,
Martin Scorsese worked on commission.,NOT ENOUGH INFO,
Brock Lesnar married Randy Couture.,REFUTES,
Snowden's cast includes two actors born in 1934.,NOT ENOUGH INFO,
Tiger Woods had an uncontested victory at the Arnold Palmer Invitational.,NOT ENOUGH INFO,
The Khmer Empire was not weak.,SUPPORTS,
On the Road (film) premiered at a film festival.,SUPPORTS,
On the Road (film) premiered at a film festival.,SUPPORTS,
On the Road (film) premiered at a film festival.,SUPPORTS,
Bob Dylan has been inducted into four different colleges.,NOT ENOUGH INFO,
Paramore's co-founders left the band in March 2010.,SUPPORTS,
Peter Davison has been in a BBC show.,SUPPORTS,
Peter Davison has been in a BBC show.,SUPPORTS,
Peter Davison has been in a BBC show.,SUPPORTS,
"21 Jump Street was released June 16, 2012.",REFUTES,
"The collections of the Philadelphia Museum of Art contain over 240,000 objects.",SUPPORTS,
Dustin Hoffman is an award-winning actor.,SUPPORTS,
Dustin Hoffman is an award-winning actor.,SUPPORTS,
Dustin Hoffman is an award-winning actor.,SUPPORTS,
Dustin Hoffman is an award-winning actor.,SUPPORTS,
T. J. Miller was featured in Deadpool 2.,SUPPORTS,
Chris Terrio was born in Kansas.,NOT ENOUGH INFO,
Stephen Hawking is an Honorary Fellow of the Royal Society of Chemistry.,NOT ENOUGH INFO,
Stephon Marbury plays basketball in America.,REFUTES,
Tiger Woods is a bowler.,NOT ENOUGH INFO,
Sense and Sensibility was published in the summer of 1811.,NOT ENOUGH INFO,
CP affects people.,SUPPORTS,
Alfred Hitchcock is a person.,SUPPORTS,
Julius Caesar is only a book.,REFUTES,
Pulp Fiction is directed by a male.,SUPPORTS,
Pulp Fiction is directed by a male.,SUPPORTS,
Pulp Fiction is directed by a male.,SUPPORTS,
Absolute Beginners was directed by Hitchcock.,REFUTES,
No Reservations got a mixed reception from critics.,SUPPORTS,
Claire Danes is wedded to an actor from England.,SUPPORTS,
Claire Danes is wedded to an actor from England.,SUPPORTS,
Claire Danes is wedded to an actor from England.,SUPPORTS,
Claire Danes is wedded to an actor from England.,SUPPORTS,
Dangerous Liaisons is based on Christopher Hampton's novel.,REFUTES,
The Academy Awards are an annual event.,SUPPORTS,
The Academy Awards are an annual event.,SUPPORTS,
Greyson Chance is a politician.,NOT ENOUGH INFO,
Mirka Federer is a former professional video game player.,NOT ENOUGH INFO,
Hubert Humphrey became the DFL candidate for mayor of a city.,SUPPORTS,
Hubert Humphrey became the DFL candidate for mayor of a city.,SUPPORTS,
Mariah Carey was named on the 27th.,NOT ENOUGH INFO,
Mariah Carey was named on the 27th.,NOT ENOUGH INFO,
Krysten Ritter played a role on Veronica Mars on the Disney channel.,NOT ENOUGH INFO,
Alex Rodriguez has 666 home runs.,SUPPORTS,
Friendship has been studied in academic fields.,SUPPORTS,
Friendship has been studied in academic fields.,SUPPORTS,
Judd Apatow is a person who writes.,SUPPORTS,
Judd Apatow is a person who writes.,SUPPORTS,
Judd Apatow is a person who writes.,SUPPORTS,
Massachusetts is far away from Rhode Island.,REFUTES,
Giancarlo Stanton was in the 2017 MLB draft.,REFUTES,
Chris Pine appeared in Wonder Woman (2017 film).,SUPPORTS,
Trevor Noah hosts a news satire show.,SUPPORTS,
Lucas starred an actor that died on March 10.,SUPPORTS,
Lucas starred an actor that died on March 10.,SUPPORTS,
Lucas starred an actor that died on March 10.,SUPPORTS,
Ryan Phillippe refused to perform in the soap opera One Life to Live.,REFUTES,
Sean Connery never won an Academy Award.,REFUTES,
Sean Connery never won an Academy Award.,REFUTES,
Venom has since become less of an antihero.,REFUTES,
"Overwatch is a video game in which players gain cosmetic awards and it assigns players into two teams of six, each player with a style of play known as Offense, Defense, Tank, and Support.",SUPPORTS,
"Overwatch is a video game in which players gain cosmetic awards and it assigns players into two teams of six, each player with a style of play known as Offense, Defense, Tank, and Support.",SUPPORTS,
"Overwatch is a video game in which players gain cosmetic awards and it assigns players into two teams of six, each player with a style of play known as Offense, Defense, Tank, and Support.",SUPPORTS,
"Overwatch is a video game in which players gain cosmetic awards and it assigns players into two teams of six, each player with a style of play known as Offense, Defense, Tank, and Support.",SUPPORTS,
"Overwatch is a video game in which players gain cosmetic awards and it assigns players into two teams of six, each player with a style of play known as Offense, Defense, Tank, and Support.",SUPPORTS,
"Overwatch is a video game in which players gain cosmetic awards and it assigns players into two teams of six, each player with a style of play known as Offense, Defense, Tank, and Support.",SUPPORTS,
"Overwatch is a video game in which players gain cosmetic awards and it assigns players into two teams of six, each player with a style of play known as Offense, Defense, Tank, and Support.",SUPPORTS,
"Overwatch is a video game in which players gain cosmetic awards and it assigns players into two teams of six, each player with a style of play known as Offense, Defense, Tank, and Support.",SUPPORTS,
"Overwatch is a video game in which players gain cosmetic awards and it assigns players into two teams of six, each player with a style of play known as Offense, Defense, Tank, and Support.",SUPPORTS,
"Overwatch is a video game in which players gain cosmetic awards and it assigns players into two teams of six, each player with a style of play known as Offense, Defense, Tank, and Support.",SUPPORTS,
Lily James has been on TV.,SUPPORTS,
Lily James has been on TV.,SUPPORTS,
Lily James has been on TV.,SUPPORTS,
Lily James has been on TV.,SUPPORTS,
Lily James has been on TV.,SUPPORTS,
Lily James has been on TV.,SUPPORTS,
Lily James has been on TV.,SUPPORTS,
Lily James has been on TV.,SUPPORTS,
Lily James has been on TV.,SUPPORTS,
Lily James has been on TV.,SUPPORTS,
Lily James has been on TV.,SUPPORTS,
Lily James has been on TV.,SUPPORTS,
Lily James has been on TV.,SUPPORTS,
Lily James has been on TV.,SUPPORTS,
Lily James has been on TV.,SUPPORTS,
Lily James has been on TV.,SUPPORTS,
Lily James has been on TV.,SUPPORTS,
Lily James has been on TV.,SUPPORTS,
Lily James has been on TV.,SUPPORTS,
Lily James has been on TV.,SUPPORTS,
Lily James has been on TV.,SUPPORTS,
Lily James has been on TV.,SUPPORTS,
Lily James has been on TV.,SUPPORTS,
Helen Gardner studied art history from France.,NOT ENOUGH INFO,
Jing Tian date of birth is in July.,SUPPORTS,
Jennifer Aniston's parents are Fred and Wilma Flintstone.,REFUTES,
The Peloponnesian War was won by Sparta.,SUPPORTS,
The Peloponnesian War was won by Sparta.,SUPPORTS,
The Peloponnesian War was won by Sparta.,SUPPORTS,
The Peloponnesian War was won by Sparta.,SUPPORTS,
The Peloponnesian War was won by Sparta.,SUPPORTS,
The Peloponnesian War was won by Sparta.,SUPPORTS,
Isis had a temple at Behbeit El Hagar.,SUPPORTS,
International Relations only includes the entertainment industry.,REFUTES,
International Relations only includes the entertainment industry.,REFUTES,
International Relations only includes the entertainment industry.,REFUTES,
International Relations only includes the entertainment industry.,REFUTES,
International Relations only includes the entertainment industry.,REFUTES,
Judd Apatow produced a Broadway show.,NOT ENOUGH INFO,
Mexico's economy includes fishing.,NOT ENOUGH INFO,
Régine Chassagne is Canadian.,SUPPORTS,
Régine Chassagne is Canadian.,SUPPORTS,
One style of the mandolin is the flat-backed dolphin.,NOT ENOUGH INFO,
One style of the mandolin is the flat-backed dolphin.,NOT ENOUGH INFO,
John McCain works in politics.,SUPPORTS,
John McCain works in politics.,SUPPORTS,
John McCain works in politics.,SUPPORTS,
John McCain works in politics.,SUPPORTS,
John McCain works in politics.,SUPPORTS,
John McCain works in politics.,SUPPORTS,
John McCain works in politics.,SUPPORTS,
John McCain works in politics.,SUPPORTS,
John McCain works in politics.,SUPPORTS,
John McCain works in politics.,SUPPORTS,
John McCain works in politics.,SUPPORTS,
John McCain works in politics.,SUPPORTS,
John McCain works in politics.,SUPPORTS,
John McCain works in politics.,SUPPORTS,
John McCain works in politics.,SUPPORTS,
John McCain works in politics.,SUPPORTS,
John McCain works in politics.,SUPPORTS,
John McCain works in politics.,SUPPORTS,
John McCain works in politics.,SUPPORTS,
Farrah Fawcett received an Emmy Award nomination for her role as a battered wife in the 1984 film The Burning Bed.,SUPPORTS,
"The Who's first single was ""My Generation"".",SUPPORTS,
Planet of the Apes (1968 film) had a script that underwent rewrites.,SUPPORTS,
Star vs. the Forces of Evil is a series.,SUPPORTS,
Star vs. the Forces of Evil is a series.,SUPPORTS,
Star vs. the Forces of Evil is a series.,SUPPORTS,
Star vs. the Forces of Evil is a series.,SUPPORTS,
Star vs. the Forces of Evil is a series.,SUPPORTS,
Star vs. the Forces of Evil is a series.,SUPPORTS,
Star vs. the Forces of Evil is a series.,SUPPORTS,
Galaxy Quest is a movie that is American.,SUPPORTS,
Friends with Benefits features actors.,SUPPORTS,
Friends with Benefits features actors.,SUPPORTS,
Glenn Close won the Tony Award for Best Actress in a Play in 1984.,REFUTES,
Glenn Close won the Tony Award for Best Actress in a Play in 1984.,REFUTES,
Indonesia's wilderness supports a variety of life including whales.,NOT ENOUGH INFO,
Zooey Deschanel performed.,SUPPORTS,
Zooey Deschanel performed.,SUPPORTS,
Seven Days in May stars an American.,SUPPORTS,
Seven Days in May stars an American.,SUPPORTS,
Seven Days in May stars an American.,SUPPORTS,
Seven Days in May stars an American.,SUPPORTS,
Winnipeg is home to several sports teams.,SUPPORTS,
Mark Zuckerberg co-founded a website.,SUPPORTS,
Mark Zuckerberg co-founded a website.,SUPPORTS,
Mark Zuckerberg co-founded a website.,SUPPORTS,
Rick and Morty was renewed for a fourth season in 2014.,REFUTES,
Rick and Morty was renewed for a fourth season in 2014.,REFUTES,
Another One Bites the Dust was written by a pianist.,NOT ENOUGH INFO,
Another One Bites the Dust was written by a pianist.,NOT ENOUGH INFO,
Another One Bites the Dust was written by a pianist.,NOT ENOUGH INFO,
Another One Bites the Dust was written by a pianist.,NOT ENOUGH INFO,
Another One Bites the Dust was written by a pianist.,NOT ENOUGH INFO,
Paul Walker acted in movies.,SUPPORTS,
Paul Walker acted in movies.,SUPPORTS,
Paul Walker acted in movies.,SUPPORTS,
Paul Walker acted in movies.,SUPPORTS,
Paul Walker acted in movies.,SUPPORTS,
Paul Walker acted in movies.,SUPPORTS,
Paul Walker acted in movies.,SUPPORTS,
Paul Walker acted in movies.,SUPPORTS,
Paul Walker acted in movies.,SUPPORTS,
Paul Walker acted in movies.,SUPPORTS,
Paul Walker acted in movies.,SUPPORTS,
Paul Walker acted in movies.,SUPPORTS,
Paul Walker acted in movies.,SUPPORTS,
Paul Walker acted in movies.,SUPPORTS,
Paul Walker acted in movies.,SUPPORTS,
Paul Walker acted in movies.,SUPPORTS,
Paul Walker acted in movies.,SUPPORTS,
Paul Walker acted in movies.,SUPPORTS,
Paul Walker acted in movies.,SUPPORTS,
Paul Walker acted in movies.,SUPPORTS,
Ready Player One won an award for best characters.,NOT ENOUGH INFO,
Chris Noth was nominated for the first Golden Globe Award.,NOT ENOUGH INFO,
Clint Eastwood was nominated for an award.,SUPPORTS,
Shonen Jump is published in a continent.,SUPPORTS,
Shonen Jump is published in a continent.,SUPPORTS,
Gilmore Girls is a Canadian show.,REFUTES,
"Honest sold 53,000 units in a week.",SUPPORTS,
"Honest sold 53,000 units in a week.",SUPPORTS,
"Honest sold 53,000 units in a week.",SUPPORTS,
Justin Timberlake is an American Idol.,NOT ENOUGH INFO,
"Since July 2012, Pranab Mukherjee has been in office.",SUPPORTS,
"Since July 2012, Pranab Mukherjee has been in office.",SUPPORTS,
"Anonymous represents 4chan users simultaneously existing as an anarchic, digitized global brain.",SUPPORTS,
"Anonymous represents 4chan users simultaneously existing as an anarchic, digitized global brain.",SUPPORTS,
"Anonymous represents 4chan users simultaneously existing as an anarchic, digitized global brain.",SUPPORTS,
"Anonymous represents 4chan users simultaneously existing as an anarchic, digitized global brain.",SUPPORTS,
San Francisco is in California.,SUPPORTS,
Israel located west of China.,NOT ENOUGH INFO,
Hulk lost over $245 million worldwide.,NOT ENOUGH INFO,
Laadla is exclusively an American film.,REFUTES,
Denzel Washington directed a film released on VHS.,NOT ENOUGH INFO,
George W. Bush received one of the lowest approval ratings - just 20% approval - during the 2008 financial crisis.,NOT ENOUGH INFO,
Lily Collins wrote for a U.S magazine that targets teen girls.,SUPPORTS,
Bangladesh has been affected by poverty.,SUPPORTS,
Bangladesh has been affected by poverty.,SUPPORTS,
Bangladesh has been affected by poverty.,SUPPORTS,
Bangladesh has been affected by poverty.,SUPPORTS,
Bangladesh has been affected by poverty.,SUPPORTS,
Lisa Lopes was a founding member of TLC.,SUPPORTS,
Lisa Lopes was a founding member of TLC.,SUPPORTS,
The Formula (1980 film) was directed by an American.,SUPPORTS,
The Formula (1980 film) was directed by an American.,SUPPORTS,
Janet Jackson's third album was released in February 1986.,SUPPORTS,
Transformers: The Last Knight's cast includes Tyrese Gibson.,SUPPORTS,
There are two television series Morena Baccarin was part of.,SUPPORTS,
There are two television series Morena Baccarin was part of.,SUPPORTS,
There are two television series Morena Baccarin was part of.,SUPPORTS,
There are two television series Morena Baccarin was part of.,SUPPORTS,
Naturi Naughton was born in the year of 1984.,SUPPORTS,
John Lennon owns the US Hot 100 chart.,NOT ENOUGH INFO,
Paul Pogba has won four nonconsecutive Serie A titles.,REFUTES,
Mel Gibson's name is Mel Colmcille Gerard Gibson.,SUPPORTS,
WALL-E is a Golden Globe Award winner.,SUPPORTS,
Generation X has no precise date for its cohort.,SUPPORTS,
Islam is incapable of being a religion.,REFUTES,
Islam is incapable of being a religion.,REFUTES,
Islam is incapable of being a religion.,REFUTES,
Jackie Chan has released an album.,SUPPORTS,
"Estimates of the number of species on Earth today vary widely, and most of those species have not been described.",SUPPORTS,
Larry Junstrom is an American citizen.,SUPPORTS,
Canada possesses a constitution.,SUPPORTS,
Canada possesses a constitution.,SUPPORTS,
Canada possesses a constitution.,SUPPORTS,
Canada possesses a constitution.,SUPPORTS,
Canada possesses a constitution.,SUPPORTS,
Canada possesses a constitution.,SUPPORTS,
Canada possesses a constitution.,SUPPORTS,
Canada possesses a constitution.,SUPPORTS,
Canada possesses a constitution.,SUPPORTS,
Canada possesses a constitution.,SUPPORTS,
Canada possesses a constitution.,SUPPORTS,
Canada possesses a constitution.,SUPPORTS,
Canada possesses a constitution.,SUPPORTS,
Canada possesses a constitution.,SUPPORTS,
Canada possesses a constitution.,SUPPORTS,
Sophie Turner acted in The Thirteenth Tale.,SUPPORTS,
The Renaissance is known for its cultural developments.,SUPPORTS,
The Renaissance is known for its cultural developments.,SUPPORTS,
Pluto is not relatively small.,REFUTES,
"Steve Buscemi has appeared in many films by the Coen Brothers, such as Fargo.",SUPPORTS,
Tyler Joseph is an ex-member of Twenty One Pilots.,REFUTES,
Selena Gomez has more followers than anyone else in the world.,SUPPORTS,
Big Boi is only a member of Norwegian metal bands.,REFUTES,
Big Boi is only a member of Norwegian metal bands.,REFUTES,
Priyanka Chopra was born in the 1900's.,SUPPORTS,
William Shatner lost two Emmy Awards.,NOT ENOUGH INFO,
Chris Pérez is a songwriter.,SUPPORTS,
Chris Pérez is a songwriter.,SUPPORTS,
"On March 27, 1963, Quentin Tarantino was born.",SUPPORTS,
Tate Ellington appeared in Quantico.,SUPPORTS,
Tate Ellington appeared in Quantico.,SUPPORTS,
The Evil Queen has been portrayed live by Jane Curtin.,NOT ENOUGH INFO,
Steven Knight is a British mailman.,NOT ENOUGH INFO,
Mr. Sunshine is from the Northern Hemisphere.,SUPPORTS,
Dolly Parton isn't an actress.,REFUTES,
Dolly Parton isn't an actress.,REFUTES,
The Amanda Show was the first female-created show on Nickelodeon.,REFUTES,
The 19th G7 summit only included Russia.,REFUTES,
Edward Norton has co-written for TV shows.,NOT ENOUGH INFO,
Ethiopia has bodies of water can be described as rivers.,SUPPORTS,
Ireland has relatively low-lying houses.,NOT ENOUGH INFO,
Ireland has relatively low-lying houses.,NOT ENOUGH INFO,
Ireland has relatively low-lying houses.,NOT ENOUGH INFO,
Ireland has relatively low-lying houses.,NOT ENOUGH INFO,
Roy Whiting murdered someone under the influence of alcohol.,NOT ENOUGH INFO,
Ted Kaczynski grew up in Texas.,REFUTES,
Ted Kaczynski grew up in Texas.,REFUTES,
Keith Urban has put out no fewer than nine studio records.,SUPPORTS,
Eminem has an album.,SUPPORTS,
Eminem has an album.,SUPPORTS,
Eminem has an album.,SUPPORTS,
Eminem has an album.,SUPPORTS,
Eminem has an album.,SUPPORTS,
Eminem has an album.,SUPPORTS,
Eminem has an album.,SUPPORTS,
Eminem has an album.,SUPPORTS,
Eminem has an album.,SUPPORTS,
Eminem has an album.,SUPPORTS,
Eminem has an album.,SUPPORTS,
The Connaught Tunnel was lined only with mud and sand.,REFUTES,
The Connaught Tunnel was lined only with mud and sand.,REFUTES,
Jennifer Aniston is not a businesswoman.,REFUTES,
Jennifer Aniston is not a businesswoman.,REFUTES,
Ilkhanate only contained Haiti.,REFUTES,
Ilkhanate only contained Haiti.,REFUTES,
Love & Friendship spotlights Chloë Sevigny.,NOT ENOUGH INFO,
Homeland is based on the classic BBC series Til Death Do Us Part.,REFUTES,
True Blood is a science-fiction television series.,REFUTES,
True Blood is a science-fiction television series.,REFUTES,
Jordan Knight is the lead singer of a band.,SUPPORTS,
Adam Driver has had supporting roles.,SUPPORTS,
Steve Coogan portrayed Bill Gates.,NOT ENOUGH INFO,
Thor: The Dark World is a movie.,SUPPORTS,
Thor: The Dark World is a movie.,SUPPORTS,
Thor: The Dark World is a movie.,SUPPORTS,
Thor: The Dark World is a movie.,SUPPORTS,
Thor: The Dark World is a movie.,SUPPORTS,
Thor: The Dark World is a movie.,SUPPORTS,
Thor: The Dark World is a movie.,SUPPORTS,
Thor: The Dark World is a movie.,SUPPORTS,
Thor: The Dark World is a movie.,SUPPORTS,
Thor: The Dark World is a movie.,SUPPORTS,
Thor: The Dark World is a movie.,SUPPORTS,
Thor: The Dark World is a movie.,SUPPORTS,
Thor: The Dark World is a movie.,SUPPORTS,
Thor: The Dark World is a movie.,SUPPORTS,
Thor: The Dark World is a movie.,SUPPORTS,
Loki is the male sibling of Helblindi and Byleistr.,SUPPORTS,
Conquest of the Planet of the Apes is a short.,NOT ENOUGH INFO,
Vincent van Gogh is from Amsterdam.,SUPPORTS,
Chester Bennington is a person.,SUPPORTS,
Chester Bennington is a person.,SUPPORTS,
Chester Bennington is a person.,SUPPORTS,
Chester Bennington is a person.,SUPPORTS,
Chester Bennington is a person.,SUPPORTS,
Chester Bennington is a person.,SUPPORTS,
Inspectah Deck is stateless.,REFUTES,
Tender Mercies is a drama from America.,SUPPORTS,
Cristiano Ronaldo was a professional athlete.,SUPPORTS,
Cristiano Ronaldo was a professional athlete.,SUPPORTS,
Cristiano Ronaldo was a professional athlete.,SUPPORTS,
Cristiano Ronaldo was a professional athlete.,SUPPORTS,
Paul Simon is a person.,SUPPORTS,
Paul Simon is a person.,SUPPORTS,
Paul Simon is a person.,SUPPORTS,
Paul Simon is a person.,SUPPORTS,
Paul Simon is a person.,SUPPORTS,
Baby Driver starred Eiza González.,SUPPORTS,
David Dhawan is a film director.,SUPPORTS,
David Dhawan is a film director.,SUPPORTS,
David Dhawan is a film director.,SUPPORTS,
David Dhawan is a film director.,SUPPORTS,
Nina Simone graduated Juilliard.,NOT ENOUGH INFO,
The Challenge was a reality game show.,SUPPORTS,
The Challenge was a reality game show.,SUPPORTS,
The Challenge was a reality game show.,SUPPORTS,
The Challenge was a reality game show.,SUPPORTS,
The Challenge was a reality game show.,SUPPORTS,
The Challenge was a reality game show.,SUPPORTS,
The Challenge was a reality game show.,SUPPORTS,
The Challenge was a reality game show.,SUPPORTS,
The Challenge was a reality game show.,SUPPORTS,
The Challenge was a reality game show.,SUPPORTS,
The Challenge was a reality game show.,SUPPORTS,
The Challenge was a reality game show.,SUPPORTS,
The Challenge was a reality game show.,SUPPORTS,
The Challenge was a reality game show.,SUPPORTS,
The Challenge was a reality game show.,SUPPORTS,
The Challenge was a reality game show.,SUPPORTS,
The Challenge was a reality game show.,SUPPORTS,
The Challenge was a reality game show.,SUPPORTS,
The Challenge was a reality game show.,SUPPORTS,
The Challenge was a reality game show.,SUPPORTS,
The Challenge was a reality game show.,SUPPORTS,
The Challenge was a reality game show.,SUPPORTS,
The Challenge was a reality game show.,SUPPORTS,
The Challenge was a reality game show.,SUPPORTS,
The Challenge was a reality game show.,SUPPORTS,
The Challenge was a reality game show.,SUPPORTS,
The Challenge was a reality game show.,SUPPORTS,
The Challenge was a reality game show.,SUPPORTS,
The Challenge was a reality game show.,SUPPORTS,
The Challenge was a reality game show.,SUPPORTS,
The Challenge was a reality game show.,SUPPORTS,
The Challenge was a reality game show.,SUPPORTS,
The Challenge was a reality game show.,SUPPORTS,
The Challenge was a reality game show.,SUPPORTS,
The Challenge was a reality game show.,SUPPORTS,
The Challenge was a reality game show.,SUPPORTS,
The Challenge was a reality game show.,SUPPORTS,
The Challenge was a reality game show.,SUPPORTS,
The Challenge was a reality game show.,SUPPORTS,
The Challenge was a reality game show.,SUPPORTS,
The Challenge was a reality game show.,SUPPORTS,
The Challenge was a reality game show.,SUPPORTS,
The Challenge was a reality game show.,SUPPORTS,
The Challenge was a reality game show.,SUPPORTS,
The Challenge was a reality game show.,SUPPORTS,
The Challenge was a reality game show.,SUPPORTS,
The Challenge was a reality game show.,SUPPORTS,
The Challenge was a reality game show.,SUPPORTS,
The Challenge was a reality game show.,SUPPORTS,
The Challenge was a reality game show.,SUPPORTS,
The Challenge was a reality game show.,SUPPORTS,
Rumi's influence transcends ethnic divisions.,SUPPORTS,
Rumi's influence transcends ethnic divisions.,SUPPORTS,
Rumi's influence transcends ethnic divisions.,SUPPORTS,
Rumi's influence transcends ethnic divisions.,SUPPORTS,
Rumi's influence transcends ethnic divisions.,SUPPORTS,
Swedish Empire was ruled by Gustavus Adolphus from 1611 to 1632.,SUPPORTS,
Swedish Empire was ruled by Gustavus Adolphus from 1611 to 1632.,SUPPORTS,
"Her was given a wide release on January 10, 2014.",SUPPORTS,
"Her was given a wide release on January 10, 2014.",SUPPORTS,
"Her was given a wide release on January 10, 2014.",SUPPORTS,
"Her was given a wide release on January 10, 2014.",SUPPORTS,
"Her was given a wide release on January 10, 2014.",SUPPORTS,
Las Vegas's population has grown.,SUPPORTS,
Las Vegas's population has grown.,SUPPORTS,
Snowpiercer is co-written by a Bostonian.,NOT ENOUGH INFO,
Gwen Stefani is in an American football league.,NOT ENOUGH INFO,
One type of spread is Vegemite.,SUPPORTS,
The Divergent film series was worked on by Octavia Spencer.,SUPPORTS,
The Divergent film series was worked on by Octavia Spencer.,SUPPORTS,
Ramayanam was produced by M. S. Reddy and directed by Gunasekhar.,SUPPORTS,
Ramayanam was produced by M. S. Reddy and directed by Gunasekhar.,SUPPORTS,
Ramayanam was produced by M. S. Reddy and directed by Gunasekhar.,SUPPORTS,
Man of Steel features the DC Comics character Superman.,SUPPORTS,
Man of Steel features the DC Comics character Superman.,SUPPORTS,
Man of Steel features the DC Comics character Superman.,SUPPORTS,
Man of Steel features the DC Comics character Superman.,SUPPORTS,
Man of Steel features the DC Comics character Superman.,SUPPORTS,
Man of Steel features the DC Comics character Superman.,SUPPORTS,
Man of Steel features the DC Comics character Superman.,SUPPORTS,
Man of Steel features the DC Comics character Superman.,SUPPORTS,
Man of Steel features the DC Comics character Superman.,SUPPORTS,
Man of Steel features the DC Comics character Superman.,SUPPORTS,
Man of Steel features the DC Comics character Superman.,SUPPORTS,
Man of Steel features the DC Comics character Superman.,SUPPORTS,
Man of Steel features the DC Comics character Superman.,SUPPORTS,
Man of Steel features the DC Comics character Superman.,SUPPORTS,
Man of Steel features the DC Comics character Superman.,SUPPORTS,
Leukemia has to do with a lack of normal blood cells.,SUPPORTS,
Judy Garland did not appear in a courtroom drama film.,REFUTES,
Judy Garland did not appear in a courtroom drama film.,REFUTES,
Clubber Lang was in Arizona.,NOT ENOUGH INFO,
Until Dawn is a game.,SUPPORTS,
Christoph Waltz married on October 4th.,NOT ENOUGH INFO,
Timothy Olyphant was born.,SUPPORTS,
Timothy Olyphant was born.,SUPPORTS,
Telangana contains the city Warangal.,SUPPORTS,
Bonnie Hunt narrated Cheaper by the Dozen.,SUPPORTS,
The Levant was ruled by the House of Lusignan.,SUPPORTS,
The Ten Commandments influence multiple religions.,SUPPORTS,
"The Hangover Part III includes Bradley Cooper, Ed Helms, Zach Galifianakis, Justin Bartha, and Ken Jeong, Jeffrey Tambor, Heather Graham, Mike Epps, Melissa McCarthy and John Goodman.",SUPPORTS,
"The Hangover Part III includes Bradley Cooper, Ed Helms, Zach Galifianakis, Justin Bartha, and Ken Jeong, Jeffrey Tambor, Heather Graham, Mike Epps, Melissa McCarthy and John Goodman.",SUPPORTS,
Dileep (actor) assisted a kitten.,NOT ENOUGH INFO,
Narendra Modi has been prosecuted.,NOT ENOUGH INFO,
Ariana Grande's second album debuted at number one in the United States when it was released in 2014.,SUPPORTS,
Ted Bundy committed assaults in the seventies.,SUPPORTS,
Ted Bundy committed assaults in the seventies.,SUPPORTS,
Ted Bundy committed assaults in the seventies.,SUPPORTS,
Artemis was the protector of Nazgul.,NOT ENOUGH INFO,
Marcus Rashford's favorite year is 1997.,NOT ENOUGH INFO,
Marcus Rashford's favorite year is 1997.,NOT ENOUGH INFO,
Marcus Rashford's favorite year is 1997.,NOT ENOUGH INFO,
Ethnic Albanians shun the term Albanian diaspora for those living outside southeastern Europe.,NOT ENOUGH INFO,
Chinese people only can be associated with Spain through nationality.,REFUTES,
Schindler's List was released in 1993.,SUPPORTS,
Schindler's List was released in 1993.,SUPPORTS,
Schindler's List was released in 1993.,SUPPORTS,
Schindler's List was released in 1993.,SUPPORTS,
Schindler's List was released in 1993.,SUPPORTS,
Schindler's List was released in 1993.,SUPPORTS,
Schindler's List was released in 1993.,SUPPORTS,
Schindler's List was released in 1993.,SUPPORTS,
Schindler's List was released in 1993.,SUPPORTS,
Schindler's List was released in 1993.,SUPPORTS,
Octavia Spencer worked in the Divergent film series starting in 2012.,NOT ENOUGH INFO,
"Today, elephants are rewarded for entertainment in circuses.",NOT ENOUGH INFO,
Zeus is an angel.,REFUTES,
Zeus is an angel.,REFUTES,
Zeus is an angel.,REFUTES,
Zeus is an angel.,REFUTES,
Zeus is an angel.,REFUTES,
Zeus is an angel.,REFUTES,
Escape from Planet Earth is an American film.,SUPPORTS,
Escape from Planet Earth is an American film.,SUPPORTS,
Venus Williams has won multiple Wimbledons.,SUPPORTS,
Venus Williams has won multiple Wimbledons.,SUPPORTS,
Quentin Tarantino directed a creative work.,SUPPORTS,
Quentin Tarantino directed a creative work.,SUPPORTS,
Quentin Tarantino directed a creative work.,SUPPORTS,
Quentin Tarantino directed a creative work.,SUPPORTS,
Quentin Tarantino directed a creative work.,SUPPORTS,
Quentin Tarantino directed a creative work.,SUPPORTS,
Quentin Tarantino directed a creative work.,SUPPORTS,
Quentin Tarantino directed a creative work.,SUPPORTS,
Quentin Tarantino directed a creative work.,SUPPORTS,
Quentin Tarantino directed a creative work.,SUPPORTS,
Quentin Tarantino directed a creative work.,SUPPORTS,
Quentin Tarantino directed a creative work.,SUPPORTS,
Quentin Tarantino directed a creative work.,SUPPORTS,
Quentin Tarantino directed a creative work.,SUPPORTS,
Quentin Tarantino directed a creative work.,SUPPORTS,
Quentin Tarantino directed a creative work.,SUPPORTS,
Quentin Tarantino directed a creative work.,SUPPORTS,
Joaquin Phoenix campaigns for In Defense of Animals each fall.,NOT ENOUGH INFO,
Joaquin Phoenix campaigns for In Defense of Animals each fall.,NOT ENOUGH INFO,
Joaquin Phoenix campaigns for In Defense of Animals each fall.,NOT ENOUGH INFO,
The Beatles had Stuart Sutcliffe initially serve as their agent.,REFUTES,
50 First Dates has no comedic elements.,REFUTES,
Dan Martin is a professional BMX biker.,NOT ENOUGH INFO,
A Nightmare on Elm Street was directed by Craven.,SUPPORTS,
A Nightmare on Elm Street was directed by Craven.,SUPPORTS,
Charlize Theron acted in The Burning Plain.,SUPPORTS,
Charlize Theron acted in The Burning Plain.,SUPPORTS,
Maria I of Portugal was Queen of the Algarves and she was successful.,NOT ENOUGH INFO,
International Relations includes communication.,SUPPORTS,
Edgar Award honors the best in television dramas.,NOT ENOUGH INFO,
Star Wars is a franchise based on a film series by a German filmmaker.,NOT ENOUGH INFO,
Star Wars is a franchise based on a film series by a German filmmaker.,NOT ENOUGH INFO,
Jemaine Clement refuses to have anything to do with comedy.,SUPPORTS,
Bermuda is an associate member of the Red Sox.,NOT ENOUGH INFO,
Usain Bolt has competed in a sprint race in track and field in world competitions.,SUPPORTS,
Usain Bolt has competed in a sprint race in track and field in world competitions.,SUPPORTS,
Usain Bolt has competed in a sprint race in track and field in world competitions.,SUPPORTS,
Usain Bolt has competed in a sprint race in track and field in world competitions.,SUPPORTS,
Usain Bolt has competed in a sprint race in track and field in world competitions.,SUPPORTS,
Usain Bolt has competed in a sprint race in track and field in world competitions.,SUPPORTS,
The main successor to the internet was the ARPANET.,REFUTES,
Sarrainodu is an action movie.,SUPPORTS,
Michael Fassbender appeared in a film written by Cormac McCarthy.,NOT ENOUGH INFO,
"Jawbreaker (film) stars an Italian-born American actress, film producer, director and singer.",SUPPORTS,
"Jawbreaker (film) stars an Italian-born American actress, film producer, director and singer.",SUPPORTS,
Tim Rice wrote Joseph and the Amazing Technicolor Dreamcoat with David Gilmour.,NOT ENOUGH INFO,
Tim Rice wrote Joseph and the Amazing Technicolor Dreamcoat with David Gilmour.,NOT ENOUGH INFO,
Kurt Sutter is the creator of Sons of Anarchy.,SUPPORTS,
Kurt Sutter is the creator of Sons of Anarchy.,SUPPORTS,
Kurt Sutter is the creator of Sons of Anarchy.,SUPPORTS,
Kurt Sutter is the creator of Sons of Anarchy.,SUPPORTS,
Kurt Sutter is the creator of Sons of Anarchy.,SUPPORTS,
La La Anthony has a middle name.,SUPPORTS,
Lisa Marie Presley is an American singer.,SUPPORTS,
Kingdom Hearts III is owned by Boyz II Men.,REFUTES,
Kingdom Hearts III is owned by Boyz II Men.,REFUTES,
Kingdom Hearts III is owned by Boyz II Men.,REFUTES,
Kingdom Hearts III is owned by Boyz II Men.,REFUTES,
Kingdom Hearts III is owned by Boyz II Men.,REFUTES,
Kingdom Hearts III is owned by Boyz II Men.,REFUTES,
Keanu Reeves is a film actor.,SUPPORTS,
Keanu Reeves is a film actor.,SUPPORTS,
Keanu Reeves is a film actor.,SUPPORTS,
Keanu Reeves is a film actor.,SUPPORTS,
Keanu Reeves is a film actor.,SUPPORTS,
Keanu Reeves is a film actor.,SUPPORTS,
Keanu Reeves is a film actor.,SUPPORTS,
Keanu Reeves is a film actor.,SUPPORTS,
Keanu Reeves is a film actor.,SUPPORTS,
Keanu Reeves is a film actor.,SUPPORTS,
Dwayne Johnson won the WWF Intercontinental Championship twice.,SUPPORTS,
Heartland is a canadian TV series.,SUPPORTS,
"By the metrics of the RIAA, The Beatles have sold more than any recording artist in America.",SUPPORTS,
The national tree of Bangladesh is the mango.,SUPPORTS,
The national tree of Bangladesh is the mango.,SUPPORTS,
The national tree of Bangladesh is the mango.,SUPPORTS,
The national tree of Bangladesh is the mango.,SUPPORTS,
"There are two major contemporary political parties, and William Jennings Bryan belongs to one of them.",SUPPORTS,
"There are two major contemporary political parties, and William Jennings Bryan belongs to one of them.",SUPPORTS,
Iris Murdoch was a writer.,SUPPORTS,
Iris Murdoch was a writer.,SUPPORTS,
Iris Murdoch was a writer.,SUPPORTS,
Iris Murdoch was a writer.,SUPPORTS,
Iris Murdoch was a writer.,SUPPORTS,
David Koepp is a director.,SUPPORTS,
David Koepp is a director.,SUPPORTS,
David Koepp is a director.,SUPPORTS,
David Koepp is a director.,SUPPORTS,
David Koepp is a director.,SUPPORTS,
David Koepp is a director.,SUPPORTS,
David Koepp is a director.,SUPPORTS,
David Koepp is a director.,SUPPORTS,
"A block is also called a ""swat.""",SUPPORTS,
Alessia Cara is a French singer.,NOT ENOUGH INFO,
Robert Richardson has collaborated with director John Sayles.,NOT ENOUGH INFO,
Paul Pogba made it to the 2015 UEFA Champions League Final with the Juventus team.,SUPPORTS,
Leroy Jethro Gibbs is a character on the NFL series NCIS.,REFUTES,
Leslie Howard was an actor.,SUPPORTS,
Leslie Howard was an actor.,SUPPORTS,
Catching Fire is written.,SUPPORTS,
Avatar: The Last Airbender aired on Nickelodeon.,SUPPORTS,
Avatar: The Last Airbender aired on Nickelodeon.,SUPPORTS,
Avatar: The Last Airbender aired on Nickelodeon.,SUPPORTS,
Harry Hopman's widow has attended Hopman Cup.,SUPPORTS,
Faith Evans made her first album in Paris.,NOT ENOUGH INFO,
Stephen Rider is a Seventh Day Adventist.,NOT ENOUGH INFO,
Frank Zappa's debut was Freak Out!,SUPPORTS,
Ruth Negga only acts in Irish cinema.,REFUTES,
Ruth Negga only acts in Irish cinema.,REFUTES,
Ruth Negga only acts in Irish cinema.,REFUTES,
Ruth Negga only acts in Irish cinema.,REFUTES,
Ruth Negga only acts in Irish cinema.,REFUTES,
Ruth Negga only acts in Irish cinema.,REFUTES,
Ruth Negga only acts in Irish cinema.,REFUTES,
Ruth Negga only acts in Irish cinema.,REFUTES,
Ruth Negga only acts in Irish cinema.,REFUTES,
Ruth Negga only acts in Irish cinema.,REFUTES,
Ruth Negga only acts in Irish cinema.,REFUTES,
Ruth Negga only acts in Irish cinema.,REFUTES,
Ruth Negga only acts in Irish cinema.,REFUTES,
Ruth Negga only acts in Irish cinema.,REFUTES,
Ruth Negga only acts in Irish cinema.,REFUTES,
Ruth Negga only acts in Irish cinema.,REFUTES,
Ruth Negga only acts in Irish cinema.,REFUTES,
Ruth Negga only acts in Irish cinema.,REFUTES,
Ruth Negga only acts in Irish cinema.,REFUTES,
Ruth Negga only acts in Irish cinema.,REFUTES,
Ruth Negga only acts in Irish cinema.,REFUTES,
Ruth Negga only acts in Irish cinema.,REFUTES,
Ruth Negga only acts in Irish cinema.,REFUTES,
Ruth Negga only acts in Irish cinema.,REFUTES,
Ruth Negga only acts in Irish cinema.,REFUTES,
Ruth Negga only acts in Irish cinema.,REFUTES,
Ruth Negga only acts in Irish cinema.,REFUTES,
Ruth Negga only acts in Irish cinema.,REFUTES,
Ruth Negga only acts in Irish cinema.,REFUTES,
Ruth Negga only acts in Irish cinema.,REFUTES,
George VI was succeeded by Mary I.,REFUTES,
50 Cent was ranked as the third-best rapper of the 90s.,NOT ENOUGH INFO,
Tetris has sold approximately 70 million cars.,NOT ENOUGH INFO,
Kid Rock signed a recording contract with Ryan Gosling.,NOT ENOUGH INFO,
Psychological findings link to research and perspectives from an academic discipline.,SUPPORTS,
Psychological findings link to research and perspectives from an academic discipline.,SUPPORTS,
Future married a Canadian singer.,NOT ENOUGH INFO,
Huntington's disease research is being conducted on non-human animals.,NOT ENOUGH INFO,
Tiger Woods was born on the 14th.,NOT ENOUGH INFO,
The Beach Boys was an American rock band.,SUPPORTS,
The Beach Boys was an American rock band.,SUPPORTS,
Billy Bob Thornton directed a movie.,SUPPORTS,
Billy Bob Thornton directed a movie.,SUPPORTS,
Billy Bob Thornton directed a movie.,SUPPORTS,
"The Ren & Stimpy Show premiered on August 11, 1991.",SUPPORTS,
"The Ren & Stimpy Show premiered on August 11, 1991.",SUPPORTS,
Courteney Cox has always refused to play Gale Weathers.,REFUTES,
Anonymous is not an international group.,NOT ENOUGH INFO,
Ronin is a film.,SUPPORTS,
Abraham Lincoln had at least one rival.,SUPPORTS,
Sally Field was in Wonder Woman.,NOT ENOUGH INFO,
There is a producer named Fred Savage.,SUPPORTS,
Al Capone had neurosyphilis.,SUPPORTS,
Al Capone had neurosyphilis.,SUPPORTS,
Boston is located in the state of Massachusetts on the Shawmut Peninsula.,SUPPORTS,
Boston is located in the state of Massachusetts on the Shawmut Peninsula.,SUPPORTS,
Interstellar is a narrative in a visual medium.,SUPPORTS,
Interstellar is a narrative in a visual medium.,SUPPORTS,
Interstellar is a narrative in a visual medium.,SUPPORTS,
Interstellar is a narrative in a visual medium.,SUPPORTS,
Interstellar is a narrative in a visual medium.,SUPPORTS,
Interstellar is a narrative in a visual medium.,SUPPORTS,
Interstellar is a narrative in a visual medium.,SUPPORTS,
Interstellar is a narrative in a visual medium.,SUPPORTS,
Interstellar is a narrative in a visual medium.,SUPPORTS,
The Odyssey is a phone book.,NOT ENOUGH INFO,
Choir musical ensemble's usually have a distinct group name.,NOT ENOUGH INFO,
Britney Spears titled her fourth studio album Britney.,REFUTES,
Mike Tyson boxed.,SUPPORTS,
Mike Tyson boxed.,SUPPORTS,
Mike Tyson boxed.,SUPPORTS,
Mike Tyson boxed.,SUPPORTS,
Mike Tyson boxed.,SUPPORTS,
Mike Tyson boxed.,SUPPORTS,
Mike Tyson boxed.,SUPPORTS,
Mike Tyson boxed.,SUPPORTS,
Music is a division of Davis Entertainment.,NOT ENOUGH INFO,
The Hermetic Order of the Golden Dawn was uninterested in the study of the occult.,REFUTES,
Ellen Burstyn has yet to be nominated for the Emmy Awards.,REFUTES,
Princess Agents is a series on television.,SUPPORTS,
Gwen Stefani works as a singer.,SUPPORTS,
Gwen Stefani works as a singer.,SUPPORTS,
James Marsden worked with a director.,SUPPORTS,
James Marsden worked with a director.,SUPPORTS,
James Marsden worked with a director.,SUPPORTS,
James Marsden worked with a director.,SUPPORTS,
Carrie Fisher died of cardiac arrest.,SUPPORTS,
Ice hockey has competitions.,SUPPORTS,
Ice hockey has competitions.,SUPPORTS,
The Fifth Element was the lowest-grossing French film in the international box office until 2011.,REFUTES,
The Hunger Games is the first in Lord of the Rings series.,REFUTES,
"Audi used to have the pet ""Truth in Engineering.""",REFUTES,
Java contains more than half of the population of Indonesia.,SUPPORTS,
Billy Wilder provides guidance.,NOT ENOUGH INFO,
Robert F. Kennedy was shot.,NOT ENOUGH INFO,
Robert F. Kennedy was shot.,NOT ENOUGH INFO,
Robert F. Kennedy was shot.,NOT ENOUGH INFO,
Robert F. Kennedy was shot.,NOT ENOUGH INFO,
Urilla Sutherland Earp was the first spouse of Wyatt Earp.,SUPPORTS,
Brave is a 2010s film.,SUPPORTS,
Brave is a 2010s film.,SUPPORTS,
Winter Passing had mixed reviews in 2005.,SUPPORTS,
Ronald Reagan died at his home.,NOT ENOUGH INFO,
Ronald Reagan died at his home.,NOT ENOUGH INFO,
Ronald Reagan died at his home.,NOT ENOUGH INFO,
Ronald Reagan died at his home.,NOT ENOUGH INFO,
Audrey Horne was introduced in anything except a series that premiered on Sunday.,REFUTES,
Audrey Horne was introduced in anything except a series that premiered on Sunday.,REFUTES,
Line of Duty is a TV series.,SUPPORTS,
Line of Duty is a TV series.,SUPPORTS,
The Dayton Agreement was signed in April.,REFUTES,
The National Security Agency is tasked with the processing of data for counterintelligence purposes.,SUPPORTS,
The National Security Agency is tasked with the processing of data for counterintelligence purposes.,SUPPORTS,
Gold is resistant to all acids except aqua regia.,SUPPORTS,
There is a geologic period that spans 43 million years called Paleogene.,SUPPORTS,
Marilyn Monroe was introduced to the president.,NOT ENOUGH INFO,
Cher has sold more than 100 million music records worldwide.,SUPPORTS,
Bernard Madoff got the sentence.,SUPPORTS,
Donkey is a fast-talking donkey.,SUPPORTS,
O. J. Simpson received a criminal charge for armed robbery.,SUPPORTS,
O. J. Simpson received a criminal charge for armed robbery.,SUPPORTS,
Ketogenic diet has protein.,SUPPORTS,
Ketogenic diet has protein.,SUPPORTS,
Ketogenic diet has protein.,SUPPORTS,
Dennis Quaid refused to ever be an actor.,REFUTES,
Dennis Quaid refused to ever be an actor.,REFUTES,
Dennis Quaid refused to ever be an actor.,REFUTES,
The United States was the first country to develop nuclear weapons.,SUPPORTS,
Thandie Newton is incapable of appearing in British films.,REFUTES,
Reese Witherspoon's breakthrough role was in a film.,SUPPORTS,
Jenni Rivera was only nominated for an award presented annually by American network Univision.,REFUTES,
Jenni Rivera was only nominated for an award presented annually by American network Univision.,REFUTES,
Curly Top was released.,SUPPORTS,
Edgar Allan Poe was a horse.,REFUTES,
Edgar Allan Poe was a horse.,REFUTES,
Edgar Allan Poe was a horse.,REFUTES,
Edgar Allan Poe was a horse.,REFUTES,
Edgar Allan Poe was a horse.,REFUTES,
Edgar Allan Poe was a horse.,REFUTES,
Edgar Allan Poe was a horse.,REFUTES,
Edgar Allan Poe was a horse.,REFUTES,
Edgar Allan Poe was a horse.,REFUTES,
Edgar Allan Poe was a horse.,REFUTES,
Edgar Allan Poe was a horse.,REFUTES,
Edgar Allan Poe was a horse.,REFUTES,
Edgar Allan Poe was a horse.,REFUTES,
Edgar Allan Poe was a horse.,REFUTES,
Edgar Allan Poe was a horse.,REFUTES,
Edgar Allan Poe was a horse.,REFUTES,
Edgar Allan Poe was a horse.,REFUTES,
Edgar Allan Poe was a horse.,REFUTES,
Edgar Allan Poe was a horse.,REFUTES,
Danny DeVito received an Academy Award nomination.,SUPPORTS,
PageRank was named after someone.,SUPPORTS,
Morena Baccarin received a nomination.,SUPPORTS,
National Library of India is the library of information that generally pertains to the actions of government.,NOT ENOUGH INFO,
Jeffrey Dahmer committed murders in Wisconsin.,SUPPORTS,
Naomi Scott played Darth Maul in Lemonade Mouth.,REFUTES,
Keith Urban is Catholic.,NOT ENOUGH INFO,
The Minnesota Vikings is a National Football League team.,SUPPORTS,
The Minnesota Vikings is a National Football League team.,SUPPORTS,
The Minnesota Vikings is a National Football League team.,SUPPORTS,
The Minnesota Vikings is a National Football League team.,SUPPORTS,
The Minnesota Vikings is a National Football League team.,SUPPORTS,
The Minnesota Vikings is a National Football League team.,SUPPORTS,
The Minnesota Vikings is a National Football League team.,SUPPORTS,
The Minnesota Vikings is a National Football League team.,SUPPORTS,
The Minnesota Vikings is a National Football League team.,SUPPORTS,
The Minnesota Vikings is a National Football League team.,SUPPORTS,
The Minnesota Vikings is a National Football League team.,SUPPORTS,
The Minnesota Vikings is a National Football League team.,SUPPORTS,
The Minnesota Vikings is a National Football League team.,SUPPORTS,
The Minnesota Vikings is a National Football League team.,SUPPORTS,
L.A. Law is a television series that categorizes as a legal drama.,SUPPORTS,
Paradise was released in 2012.,SUPPORTS,
Anne Hathaway died in Get Real.,NOT ENOUGH INFO,
Dirt was produced by ABC studios and Coquette Productions.,SUPPORTS,
Arsenic and Old Lace had its release delayed by 3 months.,REFUTES,
The Belko Experiment is an American horror film released in 2016.,SUPPORTS,
Psychology has been disqualified from being a social science.,REFUTES,
Psychology has been disqualified from being a social science.,REFUTES,
Apple was founded in 1979.,REFUTES,
Apple was founded in 1979.,REFUTES,
Apple was founded in 1979.,REFUTES,
Apple was founded in 1979.,REFUTES,
Apple was founded in 1979.,REFUTES,
Apple was founded in 1979.,REFUTES,
Moscow is a city in Russia.,SUPPORTS,
Moscow is a city in Russia.,SUPPORTS,
The term cult film was first used in the 1970s.,SUPPORTS,
The term cult film was first used in the 1970s.,SUPPORTS,
The September 11 attacks caused at least $10 billion in property damage.,SUPPORTS,
The second longest of Shakespeare's plays after Hamlet is Richard III.,SUPPORTS,
"Kathy Bates was born on June 28, 1948.",SUPPORTS,
"Kathy Bates was born on June 28, 1948.",SUPPORTS,
"Kathy Bates was born on June 28, 1948.",SUPPORTS,
"Kathy Bates was born on June 28, 1948.",SUPPORTS,
"Kathy Bates was born on June 28, 1948.",SUPPORTS,
"Kathy Bates was born on June 28, 1948.",SUPPORTS,
Furious 7 filmed in Peru's capital.,NOT ENOUGH INFO,
Joseph Barbera was an American director.,SUPPORTS,
Penny Dreadful started in 2017.,REFUTES,
Penny Dreadful started in 2017.,REFUTES,
Penny Dreadful started in 2017.,REFUTES,
One of Archimedes classes was The Archimedes Palimpsest.,NOT ENOUGH INFO,
There is a video game called Overwatch (video game).,SUPPORTS,
There is a video game called Overwatch (video game).,SUPPORTS,
There is a video game called Overwatch (video game).,SUPPORTS,
There is a video game called Overwatch (video game).,SUPPORTS,
There is a video game called Overwatch (video game).,SUPPORTS,
There is a video game called Overwatch (video game).,SUPPORTS,
There is a video game called Overwatch (video game).,SUPPORTS,
The Lion King was released before 2000.,SUPPORTS,
Before We Go was previously titled Fury.,REFUTES,
Before We Go was previously titled Fury.,REFUTES,
Stevie Nicks released an album that reached platinum status.,SUPPORTS,
Overwatch's playable characters are categorized into four groups.,SUPPORTS,
Overwatch's playable characters are categorized into four groups.,SUPPORTS,
Overwatch's playable characters are categorized into four groups.,SUPPORTS,
Overwatch's playable characters are categorized into four groups.,SUPPORTS,
Overwatch's playable characters are categorized into four groups.,SUPPORTS,
Andrew Wood died in 1977.,REFUTES,
Andrew Wood died in 1977.,REFUTES,
Andrew Wood died in 1977.,REFUTES,
Andrew Wood died in 1977.,REFUTES,
Andrew Wood died in 1977.,REFUTES,
Andrew Wood died in 1977.,REFUTES,
Andrew Wood died in 1977.,REFUTES,
Andrew Wood died in 1977.,REFUTES,
Andrew Wood died in 1977.,REFUTES,
Andrew Wood died in 1977.,REFUTES,
Andrew Wood died in 1977.,REFUTES,
James McAvoy starred in Children of Dune.,SUPPORTS,
Thandie Newton is an English citizen.,NOT ENOUGH INFO,
Thandie Newton is an English citizen.,NOT ENOUGH INFO,
Thandie Newton is an English citizen.,NOT ENOUGH INFO,
John Constantine is a real person.,REFUTES,
Michael Gambon acted in Twilight.,NOT ENOUGH INFO,
The Portuguese Empire was one of world history's largest empires.,SUPPORTS,
Eddie Vedder is a performer.,SUPPORTS,
Eddie Vedder is a performer.,SUPPORTS,
William Shatner hosted The War Game.,NOT ENOUGH INFO,
"Kenny Rogers released the album, Kenny in 2005.",REFUTES,
"Kenny Rogers released the album, Kenny in 2005.",REFUTES,
"Kenny Rogers released the album, Kenny in 2005.",REFUTES,
"Kenny Rogers released the album, Kenny in 2005.",REFUTES,
Larry Buttrose wrote Cafe Royale.,SUPPORTS,
Belgium has an industrial base.,NOT ENOUGH INFO,
Elementary stars Lucy Liu.,SUPPORTS,
Elementary stars Lucy Liu.,SUPPORTS,
Ava DuVernay is a playwright.,NOT ENOUGH INFO,
Farrah Fawcett acted in the romantic comedy Love is a Funny Thing.,SUPPORTS,
X-Men: Days of Future Past is based on the DC Batman comics.,REFUTES,
San Junipero is from Britain.,SUPPORTS,
The Place Beyond the Pines was reviewed by Derek Cianfrance.,NOT ENOUGH INFO,
Alex Rodriguez never hit a home run.,REFUTES,
Alex Rodriguez never hit a home run.,REFUTES,
John F. Kennedy ran against Andrew Jackson in the 1960 presidential election.,REFUTES,
Gift of the Night Fury only stars the voices of actors and actresses born in October.,REFUTES,
Gift of the Night Fury only stars the voices of actors and actresses born in October.,REFUTES,
Schindler's List was not awarded The Academy Award for Best Picture.,REFUTES,
Juana la virgen is a telenovela written by Perla Farias.,SUPPORTS,
The Champ stars an American.,SUPPORTS,
Slovenia is the smallest country in Europe.,NOT ENOUGH INFO,
Monarch of the Glen is a drama from Britain.,SUPPORTS,
Robert Redford is a film director.,SUPPORTS,
Best Director was a nomination Beasts of the Southern Wild received.,SUPPORTS,
Best Director was a nomination Beasts of the Southern Wild received.,SUPPORTS,
Howard Stern is a regular guest on the Howard Stern Show.,NOT ENOUGH INFO,
The Los Angeles Lakers hold the NBA record for longest winning streak.,SUPPORTS,
Tom Brady played for the cows.,NOT ENOUGH INFO,
The Philippines is industrial.,SUPPORTS,
Joe Manganiello has appeared in a movie.,SUPPORTS,
Joe Manganiello has appeared in a movie.,SUPPORTS,
Veronika Decides to Die is authored by Roberta Hanley.,SUPPORTS,
Sully is a Tom Hanks movie.,SUPPORTS,
Sully is a Tom Hanks movie.,SUPPORTS,
Walter Matthau is incapable of winning anything.,REFUTES,
Lisa Kudrow appeared on Showtime.,SUPPORTS,
Myles Kennedy has released albums.,SUPPORTS,
Frank Sinatra entertained in Las Vegas.,NOT ENOUGH INFO,
Bob Riley is a lawyer.,NOT ENOUGH INFO,
"Carrie Fisher's middle name is Frances, a family name.",NOT ENOUGH INFO,
Jane Fonda worked with Lily Tomlin in a show.,SUPPORTS,
"Imagine Dragons was named the ""Breakthrough Band of 2014.""",REFUTES,
"John Denver has biked in Aspen, Colorado most of his life.",NOT ENOUGH INFO,
Mukesh Ambani's parents were farmers.,NOT ENOUGH INFO,
Babe Ruth was one of the first five members of the Illuminati.,NOT ENOUGH INFO,
Mike Love co-founded a band.,SUPPORTS,
Charles II of England was born on Thursday 29 May 1630.,NOT ENOUGH INFO,
"Apple was incorporated as Apple Computer, Inc. in January 1977.",SUPPORTS,
Vikrant Massey starred in The X-Files.,NOT ENOUGH INFO,
Dwayne Johnson has been featured in a Canadian business magazine.,NOT ENOUGH INFO,
Star Search was relaunched in 2003-04.,SUPPORTS,
Canada was never the location of a French colony.,REFUTES,
Canada was never the location of a French colony.,REFUTES,
Canada was never the location of a French colony.,REFUTES,
Canada was never the location of a French colony.,REFUTES,
Canada was never the location of a French colony.,REFUTES,
Canada was never the location of a French colony.,REFUTES,
Canada was never the location of a French colony.,REFUTES,
David Carradine played the role Hamlet.,NOT ENOUGH INFO,
System of a Down has only sold albums in Greenland.,REFUTES,
Led Zeppelin was first named the New Yardbirds.,SUPPORTS,
Payton Manning signed with the Ontario Broncos.,REFUTES,
Payton Manning signed with the Ontario Broncos.,REFUTES,
Anthropology is a division of Davis Entertainment.,REFUTES,
Kafka stars an actor.,SUPPORTS,
Kafka stars an actor.,SUPPORTS,
Alex Rodriguez played for the Mariners.,SUPPORTS,
Alex Rodriguez played for the Mariners.,SUPPORTS,
Alex Rodriguez played for the Mariners.,SUPPORTS,
Charles Marie de La Condamine was born in 1701.,SUPPORTS,
Thirteen was created in the ocean.,NOT ENOUGH INFO,
Thirteen was created in the ocean.,NOT ENOUGH INFO,
Pulp Fiction is written by a man.,SUPPORTS,
Pulp Fiction is written by a man.,SUPPORTS,
Wyatt Earp was arrested for stealing a cow.,NOT ENOUGH INFO,
Wyatt Earp was arrested for stealing a cow.,NOT ENOUGH INFO,
Wyatt Earp was arrested for stealing a cow.,NOT ENOUGH INFO,
Wyatt Earp was arrested for stealing a cow.,NOT ENOUGH INFO,
Wyatt Earp was arrested for stealing a cow.,NOT ENOUGH INFO,
Wyatt Earp was arrested for stealing a cow.,NOT ENOUGH INFO,
Giada De Laurentiis has been a contributor to a morning TV program.,SUPPORTS,
Giada De Laurentiis has been a contributor to a morning TV program.,SUPPORTS,
Giada De Laurentiis has been a contributor to a morning TV program.,SUPPORTS,
Giada De Laurentiis has been a contributor to a morning TV program.,SUPPORTS,
Joan Cusack was in Kansas.,NOT ENOUGH INFO,
The Grammy Hall of Fame inducted Bohemian Rhapsody.,SUPPORTS,
Venus has a similar mass to Mars.,NOT ENOUGH INFO,
United States House of Representatives contains different political parties.,NOT ENOUGH INFO,
"Hugh Jackman has a public feud with Christopher Nolan, preventing any collaboration between the two.",REFUTES,
"Hugh Jackman has a public feud with Christopher Nolan, preventing any collaboration between the two.",REFUTES,
Liv Tyler modeled as an infant.,NOT ENOUGH INFO,
Neymar was born and raised in Brazil.,NOT ENOUGH INFO,
Cate Blanchett was nominated for an Academy Award.,SUPPORTS,
Cate Blanchett was nominated for an Academy Award.,SUPPORTS,
Cate Blanchett was nominated for an Academy Award.,SUPPORTS,
Cate Blanchett was nominated for an Academy Award.,SUPPORTS,
Cate Blanchett was nominated for an Academy Award.,SUPPORTS,
Cate Blanchett was nominated for an Academy Award.,SUPPORTS,
Cate Blanchett was nominated for an Academy Award.,SUPPORTS,
Cate Blanchett was nominated for an Academy Award.,SUPPORTS,
Cate Blanchett was nominated for an Academy Award.,SUPPORTS,
Cate Blanchett was nominated for an Academy Award.,SUPPORTS,
Cate Blanchett was nominated for an Academy Award.,SUPPORTS,
Cate Blanchett was nominated for an Academy Award.,SUPPORTS,
Cate Blanchett was nominated for an Academy Award.,SUPPORTS,
Cate Blanchett was nominated for an Academy Award.,SUPPORTS,
Cate Blanchett was nominated for an Academy Award.,SUPPORTS,
Cate Blanchett was nominated for an Academy Award.,SUPPORTS,
Cate Blanchett was nominated for an Academy Award.,SUPPORTS,
Cate Blanchett was nominated for an Academy Award.,SUPPORTS,
Cate Blanchett was nominated for an Academy Award.,SUPPORTS,
Cate Blanchett was nominated for an Academy Award.,SUPPORTS,
Cate Blanchett was nominated for an Academy Award.,SUPPORTS,
Cate Blanchett was nominated for an Academy Award.,SUPPORTS,
Cate Blanchett was nominated for an Academy Award.,SUPPORTS,
Cate Blanchett was nominated for an Academy Award.,SUPPORTS,
Cate Blanchett was nominated for an Academy Award.,SUPPORTS,
Cate Blanchett was nominated for an Academy Award.,SUPPORTS,
Cate Blanchett was nominated for an Academy Award.,SUPPORTS,
Cate Blanchett was nominated for an Academy Award.,SUPPORTS,
Cate Blanchett was nominated for an Academy Award.,SUPPORTS,
Cate Blanchett was nominated for an Academy Award.,SUPPORTS,
Cate Blanchett was nominated for an Academy Award.,SUPPORTS,
Cate Blanchett was nominated for an Academy Award.,SUPPORTS,
Cate Blanchett was nominated for an Academy Award.,SUPPORTS,
Cate Blanchett was nominated for an Academy Award.,SUPPORTS,
Cate Blanchett was nominated for an Academy Award.,SUPPORTS,
Cate Blanchett was nominated for an Academy Award.,SUPPORTS,
Cate Blanchett was nominated for an Academy Award.,SUPPORTS,
Cate Blanchett was nominated for an Academy Award.,SUPPORTS,
Cate Blanchett was nominated for an Academy Award.,SUPPORTS,
Cate Blanchett was nominated for an Academy Award.,SUPPORTS,
Cate Blanchett was nominated for an Academy Award.,SUPPORTS,
Cate Blanchett was nominated for an Academy Award.,SUPPORTS,
Cate Blanchett was nominated for an Academy Award.,SUPPORTS,
Cate Blanchett was nominated for an Academy Award.,SUPPORTS,
Cate Blanchett was nominated for an Academy Award.,SUPPORTS,
Cate Blanchett was nominated for an Academy Award.,SUPPORTS,
Cate Blanchett was nominated for an Academy Award.,SUPPORTS,
Cate Blanchett was nominated for an Academy Award.,SUPPORTS,
Cate Blanchett was nominated for an Academy Award.,SUPPORTS,
Cate Blanchett was nominated for an Academy Award.,SUPPORTS,
Cate Blanchett was nominated for an Academy Award.,SUPPORTS,
Cate Blanchett was nominated for an Academy Award.,SUPPORTS,
Cate Blanchett was nominated for an Academy Award.,SUPPORTS,
Cate Blanchett was nominated for an Academy Award.,SUPPORTS,
Cate Blanchett was nominated for an Academy Award.,SUPPORTS,
Cate Blanchett was nominated for an Academy Award.,SUPPORTS,
Cate Blanchett was nominated for an Academy Award.,SUPPORTS,
Cate Blanchett was nominated for an Academy Award.,SUPPORTS,
Cate Blanchett was nominated for an Academy Award.,SUPPORTS,
Cate Blanchett was nominated for an Academy Award.,SUPPORTS,
Cate Blanchett was nominated for an Academy Award.,SUPPORTS,
Cate Blanchett was nominated for an Academy Award.,SUPPORTS,
Cate Blanchett was nominated for an Academy Award.,SUPPORTS,
Cate Blanchett was nominated for an Academy Award.,SUPPORTS,
Cate Blanchett was nominated for an Academy Award.,SUPPORTS,
Cate Blanchett was nominated for an Academy Award.,SUPPORTS,
Cate Blanchett was nominated for an Academy Award.,SUPPORTS,
Cate Blanchett was nominated for an Academy Award.,SUPPORTS,
Cate Blanchett was nominated for an Academy Award.,SUPPORTS,
Cate Blanchett was nominated for an Academy Award.,SUPPORTS,
Cate Blanchett was nominated for an Academy Award.,SUPPORTS,
Cate Blanchett was nominated for an Academy Award.,SUPPORTS,
Cate Blanchett was nominated for an Academy Award.,SUPPORTS,
Cate Blanchett was nominated for an Academy Award.,SUPPORTS,
Cate Blanchett was nominated for an Academy Award.,SUPPORTS,
Cate Blanchett was nominated for an Academy Award.,SUPPORTS,
Cate Blanchett was nominated for an Academy Award.,SUPPORTS,
Cate Blanchett was nominated for an Academy Award.,SUPPORTS,
Cate Blanchett was nominated for an Academy Award.,SUPPORTS,
Cate Blanchett was nominated for an Academy Award.,SUPPORTS,
Cate Blanchett was nominated for an Academy Award.,SUPPORTS,
Cate Blanchett was nominated for an Academy Award.,SUPPORTS,
Cate Blanchett was nominated for an Academy Award.,SUPPORTS,
Cate Blanchett was nominated for an Academy Award.,SUPPORTS,
Cate Blanchett was nominated for an Academy Award.,SUPPORTS,
Cate Blanchett was nominated for an Academy Award.,SUPPORTS,
Cate Blanchett was nominated for an Academy Award.,SUPPORTS,
Cate Blanchett was nominated for an Academy Award.,SUPPORTS,
Cate Blanchett was nominated for an Academy Award.,SUPPORTS,
Cate Blanchett was nominated for an Academy Award.,SUPPORTS,
Cate Blanchett was nominated for an Academy Award.,SUPPORTS,
Cate Blanchett was nominated for an Academy Award.,SUPPORTS,
Cate Blanchett was nominated for an Academy Award.,SUPPORTS,
Cate Blanchett was nominated for an Academy Award.,SUPPORTS,
Cate Blanchett was nominated for an Academy Award.,SUPPORTS,
Cate Blanchett was nominated for an Academy Award.,SUPPORTS,
Cate Blanchett was nominated for an Academy Award.,SUPPORTS,
Cate Blanchett was nominated for an Academy Award.,SUPPORTS,
Cate Blanchett was nominated for an Academy Award.,SUPPORTS,
Cate Blanchett was nominated for an Academy Award.,SUPPORTS,
Cate Blanchett was nominated for an Academy Award.,SUPPORTS,
Cate Blanchett was nominated for an Academy Award.,SUPPORTS,
Cate Blanchett was nominated for an Academy Award.,SUPPORTS,
Cate Blanchett was nominated for an Academy Award.,SUPPORTS,
Cate Blanchett was nominated for an Academy Award.,SUPPORTS,
Cate Blanchett was nominated for an Academy Award.,SUPPORTS,
Cate Blanchett was nominated for an Academy Award.,SUPPORTS,
Cate Blanchett was nominated for an Academy Award.,SUPPORTS,
Cate Blanchett was nominated for an Academy Award.,SUPPORTS,
Cate Blanchett was nominated for an Academy Award.,SUPPORTS,
Cate Blanchett was nominated for an Academy Award.,SUPPORTS,
Cate Blanchett was nominated for an Academy Award.,SUPPORTS,
Cate Blanchett was nominated for an Academy Award.,SUPPORTS,
Cate Blanchett was nominated for an Academy Award.,SUPPORTS,
Cate Blanchett was nominated for an Academy Award.,SUPPORTS,
Cate Blanchett was nominated for an Academy Award.,SUPPORTS,
Cate Blanchett was nominated for an Academy Award.,SUPPORTS,
Cate Blanchett was nominated for an Academy Award.,SUPPORTS,
Cate Blanchett was nominated for an Academy Award.,SUPPORTS,
Cate Blanchett was nominated for an Academy Award.,SUPPORTS,
Cate Blanchett was nominated for an Academy Award.,SUPPORTS,
Cate Blanchett was nominated for an Academy Award.,SUPPORTS,
Cate Blanchett was nominated for an Academy Award.,SUPPORTS,
Cate Blanchett was nominated for an Academy Award.,SUPPORTS,
Cate Blanchett was nominated for an Academy Award.,SUPPORTS,
Cate Blanchett was nominated for an Academy Award.,SUPPORTS,
Cate Blanchett was nominated for an Academy Award.,SUPPORTS,
Cate Blanchett was nominated for an Academy Award.,SUPPORTS,
Cate Blanchett was nominated for an Academy Award.,SUPPORTS,
Cate Blanchett was nominated for an Academy Award.,SUPPORTS,
Cate Blanchett was nominated for an Academy Award.,SUPPORTS,
Cate Blanchett was nominated for an Academy Award.,SUPPORTS,
Cate Blanchett was nominated for an Academy Award.,SUPPORTS,
Cate Blanchett was nominated for an Academy Award.,SUPPORTS,
Cate Blanchett was nominated for an Academy Award.,SUPPORTS,
Cate Blanchett was nominated for an Academy Award.,SUPPORTS,
Cate Blanchett was nominated for an Academy Award.,SUPPORTS,
Cate Blanchett was nominated for an Academy Award.,SUPPORTS,
Cate Blanchett was nominated for an Academy Award.,SUPPORTS,
Cate Blanchett was nominated for an Academy Award.,SUPPORTS,
Cate Blanchett was nominated for an Academy Award.,SUPPORTS,
Cate Blanchett was nominated for an Academy Award.,SUPPORTS,
Slash was born in 1965.,SUPPORTS,
Slash was born in 1965.,SUPPORTS,
Slash was born in 1965.,SUPPORTS,
Slash was born in 1965.,SUPPORTS,
Slash was born in 1965.,SUPPORTS,
Slash was born in 1965.,SUPPORTS,
Drake is only German.,REFUTES,
R. Madhavan was a cast member of 3 Idiots.,SUPPORTS,
James and the Giant Peach includes Richard Dreyfuss.,SUPPORTS,
The Citadelle Laferrière is a large red fortress.,NOT ENOUGH INFO,
Ayn Rand condemned force.,SUPPORTS,
Ayn Rand condemned force.,SUPPORTS,
Ayn Rand condemned force.,SUPPORTS,
Ayn Rand condemned force.,SUPPORTS,
Anne Hathaway had a part in Ella Enchanted.,SUPPORTS,
Guam is deemed to be subject to the decolonization process by the African Union.,NOT ENOUGH INFO,
Oh Yeon-seo was born.,SUPPORTS,
Ramzan Kadyrov founded the USA Wrestling National Tournament.,NOT ENOUGH INFO,
Ramzan Kadyrov founded the USA Wrestling National Tournament.,NOT ENOUGH INFO,
Ramzan Kadyrov founded the USA Wrestling National Tournament.,NOT ENOUGH INFO,
Ramzan Kadyrov founded the USA Wrestling National Tournament.,NOT ENOUGH INFO,
Ramzan Kadyrov founded the USA Wrestling National Tournament.,NOT ENOUGH INFO,
Ben Stiller was involved in the film industry in the 1990s.,SUPPORTS,
Ben Stiller was involved in the film industry in the 1990s.,SUPPORTS,
Ben Stiller was involved in the film industry in the 1990s.,SUPPORTS,
Ben Stiller was involved in the film industry in the 1990s.,SUPPORTS,
Ben Stiller was involved in the film industry in the 1990s.,SUPPORTS,
Ben Stiller was involved in the film industry in the 1990s.,SUPPORTS,
Ben Stiller was involved in the film industry in the 1990s.,SUPPORTS,
Ben Stiller was involved in the film industry in the 1990s.,SUPPORTS,
Ben Stiller was involved in the film industry in the 1990s.,SUPPORTS,
Ben Stiller was involved in the film industry in the 1990s.,SUPPORTS,
Ben Stiller was involved in the film industry in the 1990s.,SUPPORTS,
Ben Stiller was involved in the film industry in the 1990s.,SUPPORTS,
Ben Stiller was involved in the film industry in the 1990s.,SUPPORTS,
Ben Stiller was involved in the film industry in the 1990s.,SUPPORTS,
Ben Stiller was involved in the film industry in the 1990s.,SUPPORTS,
Ben Stiller was involved in the film industry in the 1990s.,SUPPORTS,
"The Los Angeles Lakers were nicknamed ""Showtime"" in the 1980s.",SUPPORTS,
"In Avengers: Age of Ultron, the Avengers are defeated.",NOT ENOUGH INFO,
Keith Urban had two children called Keith Urban.,NOT ENOUGH INFO,
Slovenia is bordered by the Adriatic Sea.,SUPPORTS,
Italy is officially called the big meatball.,REFUTES,
Ron Cobb was only born in the year 1954.,REFUTES,
Just Dance was a song.,SUPPORTS,
Just Dance was a song.,SUPPORTS,
Just Dance was a song.,SUPPORTS,
Just Dance was a song.,SUPPORTS,
Just Dance was a song.,SUPPORTS,
Just Dance was a song.,SUPPORTS,
Emmanuel Adebayor is Togolese and Japanese.,NOT ENOUGH INFO,
Emmanuel Adebayor is Togolese and Japanese.,NOT ENOUGH INFO,
Emmanuel Adebayor is Togolese and Japanese.,NOT ENOUGH INFO,
Journey is a band.,SUPPORTS,
Journey is a band.,SUPPORTS,
Journey is a band.,SUPPORTS,
Journey is a band.,SUPPORTS,
Journey is a band.,SUPPORTS,
Journey is a band.,SUPPORTS,
Journey is a band.,SUPPORTS,
Journey is a band.,SUPPORTS,
Journey is a band.,SUPPORTS,
Journey is a band.,SUPPORTS,
Journey is a band.,SUPPORTS,
Journey is a band.,SUPPORTS,
Journey is a band.,SUPPORTS,
Journey is a band.,SUPPORTS,
Journey is a band.,SUPPORTS,
Journey is a band.,SUPPORTS,
Journey is a band.,SUPPORTS,
Russia is a recognized biologic weapon state.,NOT ENOUGH INFO,
Life Is Peachy was released by Epic Records.,SUPPORTS,
"In 2015, Red Velvet ejected a member.",NOT ENOUGH INFO,
"In 2015, Red Velvet ejected a member.",NOT ENOUGH INFO,
"In 2015, Red Velvet ejected a member.",NOT ENOUGH INFO,
"In 2015, Red Velvet ejected a member.",NOT ENOUGH INFO,
Sarah Silverman never wrote for a sketch comedy show.,REFUTES,
Sarah Silverman never wrote for a sketch comedy show.,REFUTES,
Sarah Silverman never wrote for a sketch comedy show.,REFUTES,
Sarah Silverman never wrote for a sketch comedy show.,REFUTES,
A mole is a structure.,SUPPORTS,
Shahid Kapoor supports charities.,SUPPORTS,
Doctor Who was written by the Ancient Greeks.,REFUTES,
Doctor Who was written by the Ancient Greeks.,REFUTES,
Doctor Who was written by the Ancient Greeks.,REFUTES,
"L.A. Law ended on May 19, 1994.",SUPPORTS,
Jerry Seinfeld specialized in observational comedy.,SUPPORTS,
Transformers was advertised through stealth marketing.,NOT ENOUGH INFO,
Transformers was advertised through stealth marketing.,NOT ENOUGH INFO,
Marie Curie was naturalized-German.,REFUTES,
Brock Lesnar founded a Japanese mixed martial arts promotion.,NOT ENOUGH INFO,
Brock Lesnar founded a Japanese mixed martial arts promotion.,NOT ENOUGH INFO,
Brock Lesnar founded a Japanese mixed martial arts promotion.,NOT ENOUGH INFO,
Honey to the B was the first album of a singer and actress from England.,SUPPORTS,
Honey to the B was the first album of a singer and actress from England.,SUPPORTS,
Honey to the B was the first album of a singer and actress from England.,SUPPORTS,
Honey to the B was the first album of a singer and actress from England.,SUPPORTS,
Honey to the B was the first album of a singer and actress from England.,SUPPORTS,
Honey to the B was the first album of a singer and actress from England.,SUPPORTS,
Honey to the B was the first album of a singer and actress from England.,SUPPORTS,
Honey to the B was the first album of a singer and actress from England.,SUPPORTS,
Honey to the B was the first album of a singer and actress from England.,SUPPORTS,
Honey to the B was the first album of a singer and actress from England.,SUPPORTS,
Honey to the B was the first album of a singer and actress from England.,SUPPORTS,
Honey to the B was the first album of a singer and actress from England.,SUPPORTS,
Honey to the B was the first album of a singer and actress from England.,SUPPORTS,
Honey to the B was the first album of a singer and actress from England.,SUPPORTS,
Honey to the B was the first album of a singer and actress from England.,SUPPORTS,
Honey to the B was the first album of a singer and actress from England.,SUPPORTS,
Honey to the B was the first album of a singer and actress from England.,SUPPORTS,
Will Ferrell is considered to be part of the Frat Pack.,SUPPORTS,
Demon Days charted at #78.,NOT ENOUGH INFO,
Jessica Biel has not acted in comedy movies.,NOT ENOUGH INFO,
Joey Graceffa is a computer engineer.,NOT ENOUGH INFO,
Patrick Wilson (American actor) starred in NCIS.,NOT ENOUGH INFO,
Patrick Wilson (American actor) starred in NCIS.,NOT ENOUGH INFO,
Patrick Wilson (American actor) starred in NCIS.,NOT ENOUGH INFO,
Patrick Wilson (American actor) starred in NCIS.,NOT ENOUGH INFO,
Donnie Wahlberg acts with Tom Selleck.,SUPPORTS,
"Leukemia developed in 352,000 people in Spain.",NOT ENOUGH INFO,
Rogue appears in Canadian comic books.,REFUTES,
The German Shepherd is the second-most registered breed by the American Kennel Club and The Kennel Club UK.,REFUTES,
Diego Costa was born in October.,SUPPORTS,
Ocean's Eight is a sequel to the Ocean's Trilogy.,SUPPORTS,
The United Kingdom includes Scotland.,SUPPORTS,
John Wick: Chapter 2 is a film.,SUPPORTS,
There are zero bodies of water in Ontario.,NOT ENOUGH INFO,
Europe is the location of Andorra.,SUPPORTS,
Europe is the location of Andorra.,SUPPORTS,
Axl Rose has been named one of the greatest singers.,SUPPORTS,
Steffi Graf won 5 consecutive majors.,SUPPORTS,
Lumen Pierce is a caricature on Showtime.,NOT ENOUGH INFO,
Lumen Pierce is a caricature on Showtime.,NOT ENOUGH INFO,
Sarah Silverman attended film school.,NOT ENOUGH INFO,
The Los Angeles Lakers's current assistant of basketball operations is Magic Johnson.,NOT ENOUGH INFO,
Jennifer Garner had a starring role in the film Catch Me if You Can.,REFUTES,
Boromir is mentioned in the third and last volume of The Lord of the Rings.,SUPPORTS,
Boromir is mentioned in the third and last volume of The Lord of the Rings.,SUPPORTS,
Boromir is mentioned in the third and last volume of The Lord of the Rings.,SUPPORTS,
Boromir is mentioned in the third and last volume of The Lord of the Rings.,SUPPORTS,
Boromir is mentioned in the third and last volume of The Lord of the Rings.,SUPPORTS,
Boromir is mentioned in the third and last volume of The Lord of the Rings.,SUPPORTS,
Boromir is mentioned in the third and last volume of The Lord of the Rings.,SUPPORTS,
Boromir is mentioned in the third and last volume of The Lord of the Rings.,SUPPORTS,
Paul Simon is an actor.,SUPPORTS,
Game of Thrones (season 3) is a drama set in a fantasy world.,SUPPORTS,
Game of Thrones (season 3) is a drama set in a fantasy world.,SUPPORTS,
Game of Thrones (season 3) is a drama set in a fantasy world.,SUPPORTS,
Taiwan's high-tech industry plays a key role in the local economy.,REFUTES,
London has an elected official.,SUPPORTS,
London has an elected official.,SUPPORTS,
Bill Gates was the largest individual shareholder of Microsoft.,SUPPORTS,
The phalanx may be deployed for killing.,SUPPORTS,
Robbie Collin edited The Saint.,SUPPORTS,
The Fisher King features Amanda Plummer as Bella Swan.,NOT ENOUGH INFO,
The Fisher King features Amanda Plummer as Bella Swan.,NOT ENOUGH INFO,
Christianity failed to spread to Australasia.,REFUTES,
The Magna Carta promised access to swift marriages.,NOT ENOUGH INFO,
Feels So Good was written for the album Hot.,SUPPORTS,
Deadpool is not part of a film series.,SUPPORTS,
Evolution was by someone born in May.,SUPPORTS,
Evolution was by someone born in May.,SUPPORTS,
Kmart has stores in operation in an unincorporated and organized territory of the United States.,SUPPORTS,
Kmart has stores in operation in an unincorporated and organized territory of the United States.,SUPPORTS,
"Ancient Algeria has known many empires and dynasties, including ancient Carthaginians.",SUPPORTS,
There is a group of Americans in the motion picture industry called the Directos Guild of America.,NOT ENOUGH INFO,
There is a group of Americans in the motion picture industry called the Directos Guild of America.,NOT ENOUGH INFO,
David Tennant was on Polish radio.,NOT ENOUGH INFO,
Clint Eastwood has been in films.,SUPPORTS,
Gorgeous Ladies of Wrestling is a wrestling promotion for women.,SUPPORTS,
Gustave Eiffel made significant contributions to aerodynamics.,SUPPORTS,
Idris Elba has been nominated four times for a Golden Globe Award in acting.,SUPPORTS,
Idris Elba has been nominated four times for a Golden Globe Award in acting.,SUPPORTS,
Idris Elba has been nominated four times for a Golden Globe Award in acting.,SUPPORTS,
Idris Elba has been nominated four times for a Golden Globe Award in acting.,SUPPORTS,
Idris Elba has been nominated four times for a Golden Globe Award in acting.,SUPPORTS,
Paul Rudd passed up the role he was offered in Role Models.,REFUTES,
The Twelfth Doctor is capable of superhuman abilities.,SUPPORTS,
Happy Endings had Lisa Kudrow in it.,SUPPORTS,
Grace VanderWaal won the NBC TV competition show America's Got Talent.,SUPPORTS,
Gil Sharone began working on an album in 2001.,NOT ENOUGH INFO,
Jennifer Hudson has won a Grammy.,SUPPORTS,
Jennifer Hudson has won a Grammy.,SUPPORTS,
Marie Antoinette died in 1793.,SUPPORTS,
Marie Antoinette died in 1793.,SUPPORTS,
The Uruguay national football team won two FIFA World Cups.,SUPPORTS,
Overwatch is a board game.,REFUTES,
The Sopranos is a televised show.,SUPPORTS,
The Sopranos is a televised show.,SUPPORTS,
The Sopranos is a televised show.,SUPPORTS,
Babe Ruth was active in Major League Baseball from 1914-1935.,SUPPORTS,
Roger Federer plays a racket sport.,SUPPORTS,
Roger Federer plays a racket sport.,SUPPORTS,
Roger Federer plays a racket sport.,SUPPORTS,
Roger Federer plays a racket sport.,SUPPORTS,
La La Anthony was in November Rule and Destined.,SUPPORTS,
The United States Naval Academy is in Maryland.,SUPPORTS,
Theodore Roosevelt considered running a marathon.,NOT ENOUGH INFO,
"Tom Welling was born November 26, 1977.",REFUTES,
In the Heart of the Sea was released in cinemas.,SUPPORTS,
Blues and rock music has been played by the band AC/DC.,SUPPORTS,
Emma Stone is Peruvian.,NOT ENOUGH INFO,
Naruto is incapable of being a ninja.,REFUTES,
Marilyn Monroe is an actress.,SUPPORTS,
Christoph Waltz portrayed a character suffering from hallucinations.,NOT ENOUGH INFO,
Wyatt Earp was a constable and he was American.,SUPPORTS,
Wyatt Earp was a constable and he was American.,SUPPORTS,
Wyatt Earp was a constable and he was American.,SUPPORTS,
Wyatt Earp was a constable and he was American.,SUPPORTS,
Wyatt Earp was a constable and he was American.,SUPPORTS,
Wyatt Earp was a constable and he was American.,SUPPORTS,
Israel hosts a population of asylum seekers including illegal migrants from Sudan.,SUPPORTS,
The American Broadcasting Company has a nickname.,SUPPORTS,
Joan of Arc was a president of France.,NOT ENOUGH INFO,
Cindy McCain is married to a 2008 rugby champion.,REFUTES,
Cindy McCain is married to a 2008 rugby champion.,REFUTES,
Huntington's disease can be diagnosed at any time due to the level of genetic markers present in sufferers.,NOT ENOUGH INFO,
Leonardo DiCaprio is a fish.,REFUTES,
Leonardo DiCaprio is a fish.,REFUTES,
Leonardo DiCaprio is a fish.,REFUTES,
Leonardo DiCaprio is a fish.,REFUTES,
Leonardo DiCaprio is a fish.,REFUTES,
Leonardo DiCaprio is a fish.,REFUTES,
The Secret Life of Us has aired in Northern Israel.,NOT ENOUGH INFO,
The Secret Life of Us has aired in Northern Israel.,NOT ENOUGH INFO,
The Secret Life of Us has aired in Northern Israel.,NOT ENOUGH INFO,
The Secret Life of Us has aired in Northern Israel.,NOT ENOUGH INFO,
T-Pain is the founder of a record label imprint established in 2005.,SUPPORTS,
Beyoncé was given a music award.,SUPPORTS,
Beyoncé was given a music award.,SUPPORTS,
Jacki Weaver worked in Italy.,NOT ENOUGH INFO,
Marilyn Monroe played tragic characters.,NOT ENOUGH INFO,
Alan Ladd failed to become television producer.,REFUTES,
VHS was released in late 1976 in Japan.,SUPPORTS,
Matt Smith's first television role was as a human.,NOT ENOUGH INFO,
Transformers: The Last Knight features a song by John Turturro.,NOT ENOUGH INFO,
Pixar was funded by an Indian industrial designer.,REFUTES,
Pixar was funded by an Indian industrial designer.,REFUTES,
Luke Evans was a successful electrical engineer.,NOT ENOUGH INFO,
"The Chernobyl disaster ultimately involved more than 500,000 workers.",SUPPORTS,
Frédéric Auguste Bartholdi was a painter.,REFUTES,
The Beatles were formed in London.,SUPPORTS,
The Beatles were formed in London.,SUPPORTS,
Kumail Nanjiani has declined to act in any movies.,REFUTES,
Hacksaw Ridge made money.,SUPPORTS,
Ilkhanate contained nickel mines.,NOT ENOUGH INFO,
"In 2010, Kick-Ass was released.",SUPPORTS,
"In 2010, Kick-Ass was released.",SUPPORTS,
Harry Potter confronts someone in Harry Potter and the Deathly Hallows.,SUPPORTS,
Sophie Turner appeared in movies in 2013.,SUPPORTS,
Adam DeVine was on the NBC reality show Modern Family.,NOT ENOUGH INFO,
Water only occurs artificially.,NOT ENOUGH INFO,
Farrah Fawcett was the subject of an NBC documentary.,SUPPORTS,
Tiger Woods has not competed in a golf tournament.,REFUTES,
Tiger Woods has not competed in a golf tournament.,REFUTES,
Tiger Woods has not competed in a golf tournament.,REFUTES,
Tiger Woods has not competed in a golf tournament.,REFUTES,
Tiger Woods has not competed in a golf tournament.,REFUTES,
Tiger Woods has not competed in a golf tournament.,REFUTES,
Tiger Woods has not competed in a golf tournament.,REFUTES,
Tiger Woods has not competed in a golf tournament.,REFUTES,
Tiger Woods has not competed in a golf tournament.,REFUTES,
Tiger Woods has not competed in a golf tournament.,REFUTES,
Tiger Woods has not competed in a golf tournament.,REFUTES,
Tiger Woods has not competed in a golf tournament.,REFUTES,
Tiger Woods has not competed in a golf tournament.,REFUTES,
Brian Eno was born in England.,SUPPORTS,
Brian Eno was born in England.,SUPPORTS,
Brian Eno was born in England.,SUPPORTS,
Michelle Pfeiffer won a BAFTA Award for Best Actor.,NOT ENOUGH INFO,
Portugal does not share a border with Spain.,REFUTES,
Portugal does not share a border with Spain.,REFUTES,
Portugal does not share a border with Spain.,REFUTES,
Portugal does not share a border with Spain.,REFUTES,
Steven Knight was born in 1959.,SUPPORTS,
Suits is a show about lawyers.,SUPPORTS,
Tom Hanks has been granted at least three awards.,SUPPORTS,
Tom Hanks has been granted at least three awards.,SUPPORTS,
Tom Hanks has been granted at least three awards.,SUPPORTS,
Dwyane Wade was rejected for the All-Rookie team.,REFUTES,
Michael Giacchino composed the score for Dunkirk.,NOT ENOUGH INFO,
The Homesman features American actor John Lithgow.,REFUTES,
Star Wars' soundtrack was recorded in England.,SUPPORTS,
The cast of The Playboy Club includes Leah Renee.,SUPPORTS,
The Portuguese Empire was an empire in world history.,SUPPORTS,
Chris Froome's parents are people.,SUPPORTS,
Shueisha is a publisher headquartered in Maine.,REFUTES,
Friendship has been studied in academic disciplines like anthropology.,SUPPORTS,
Belgium is comprised of three regions.,SUPPORTS,
Chris Froome is a three-time runner-up in Spartan Race.,NOT ENOUGH INFO,
Apple Inc.'s consumer software lacks the iOS operating system.,REFUTES,
Slipknot (band) attended an American band school.,NOT ENOUGH INFO,
Queen Latifah won a Golden Globe in 2008.,NOT ENOUGH INFO,
Kris Wu starred in a Chinese film called Journey to the West.,SUPPORTS,
Super Metroid is a movie sequel.,REFUTES,
Super Metroid is a movie sequel.,REFUTES,
Super Metroid is a movie sequel.,REFUTES,
Super Metroid is a movie sequel.,REFUTES,
Super Metroid is a movie sequel.,REFUTES,
Super Metroid is a movie sequel.,REFUTES,
Super Metroid is a movie sequel.,REFUTES,
Super Metroid is a movie sequel.,REFUTES,
Super Metroid is a movie sequel.,REFUTES,
Super Metroid is a movie sequel.,REFUTES,
Super Metroid is a movie sequel.,REFUTES,
Super Metroid is a movie sequel.,REFUTES,
Super Metroid is a movie sequel.,REFUTES,
Super Metroid is a movie sequel.,REFUTES,
Super Metroid is a movie sequel.,REFUTES,
One America News Network is abbreviated as OANN.,SUPPORTS,
Jennifer Garner is a board member of Save the Children.,SUPPORTS,
Family Guy was created by Seth MacFarlane and has been influential.,NOT ENOUGH INFO,
The Portuguese Empire existed during the Renaissance.,SUPPORTS,
One actor is Scott Eastwood.,SUPPORTS,
Tall Story is a romantic comedy club.,REFUTES,
X-Men: Days of Future Past is a novel based on X-Men characters in comics.,REFUTES,
Richard Eyre is a television director.,SUPPORTS,
Richard Eyre is a television director.,SUPPORTS,
Richard Eyre is a television director.,SUPPORTS,
Plato was a president.,NOT ENOUGH INFO,
Plato was a president.,NOT ENOUGH INFO,
Plato was a president.,NOT ENOUGH INFO,
Plato was a president.,NOT ENOUGH INFO,
Plato was a president.,NOT ENOUGH INFO,
Plato was a president.,NOT ENOUGH INFO,
Elephants have been featured in the Hindu religion.,NOT ENOUGH INFO,
Furious 7 began principal photography in the summer of 2013.,REFUTES,
Prakash Jha is an actor.,SUPPORTS,
Splatoon 2 is the only game in its franchise.,REFUTES,
Nepal was ruled by the Shah dynasty until 2008.,SUPPORTS,
Nepal was ruled by the Shah dynasty until 2008.,SUPPORTS,
The interior of Uranus is only composed of gas.,REFUTES,
Sriti Jha plays the lead role in a TV show.,SUPPORTS,
Sriti Jha plays the lead role in a TV show.,SUPPORTS,
Sriti Jha plays the lead role in a TV show.,SUPPORTS,
Sriti Jha plays the lead role in a TV show.,SUPPORTS,
Sriti Jha plays the lead role in a TV show.,SUPPORTS,
Sriti Jha plays the lead role in a TV show.,SUPPORTS,
Sriti Jha plays the lead role in a TV show.,SUPPORTS,
Saratoga is a Canadian film.,NOT ENOUGH INFO,
There is a film called Absolute Beginners.,SUPPORTS,
Qatar borders London.,REFUTES,
Qatar borders London.,REFUTES,
Qatar borders London.,REFUTES,
Qatar borders London.,REFUTES,
Qatar borders London.,REFUTES,
Qatar borders London.,REFUTES,
The Amanda Show aired from 1999 to 2002.,SUPPORTS,
Little Boy was a surname.,NOT ENOUGH INFO,
Brock Lesnar is signed to a Japanese mixed martial arts promotion.,REFUTES,
Brock Lesnar is signed to a Japanese mixed martial arts promotion.,REFUTES,
Brock Lesnar is signed to a Japanese mixed martial arts promotion.,REFUTES,
Brock Lesnar is signed to a Japanese mixed martial arts promotion.,REFUTES,
Brock Lesnar is signed to a Japanese mixed martial arts promotion.,REFUTES,
Brock Lesnar is signed to a Japanese mixed martial arts promotion.,REFUTES,
The Hangover Part III includes Justin Bartha.,SUPPORTS,
Lee Harvey Oswald assassinated the 35th President of the United States.,SUPPORTS,
Lee Harvey Oswald assassinated the 35th President of the United States.,SUPPORTS,
In & Out is directed by James Cameron.,REFUTES,
Mary Marvel predates the introduction of Superman's female cousin and she is significant.,NOT ENOUGH INFO,
Tom Felton is a person.,SUPPORTS,
Tom Felton is a person.,SUPPORTS,
Where the Wild Things Are was released in a box.,NOT ENOUGH INFO,
Louis Tomlinson appeared in a TV drama.,SUPPORTS,
Louis Tomlinson appeared in a TV drama.,SUPPORTS,
Louis Tomlinson appeared in a TV drama.,SUPPORTS,
Louis Tomlinson appeared in a TV drama.,SUPPORTS,
Louis Tomlinson appeared in a TV drama.,SUPPORTS,
Kalpana Raghavendar is an artist.,SUPPORTS,
Luke Evans had his Hollywood breakthrough role starring in a play.,REFUTES,
Luke Evans had his Hollywood breakthrough role starring in a play.,REFUTES,
"Emily Ratajkowski was visible in the ""Blurred Lines"" music video.",SUPPORTS,
"10 Cloverfield Lane stars the actor John Gallagher, Jr.",SUPPORTS,
"10 Cloverfield Lane stars the actor John Gallagher, Jr.",SUPPORTS,
"10 Cloverfield Lane stars the actor John Gallagher, Jr.",SUPPORTS,
"10 Cloverfield Lane stars the actor John Gallagher, Jr.",SUPPORTS,
Chris Froome rides under a British license.,SUPPORTS,
Chris Froome rides under a British license.,SUPPORTS,
Chris Froome rides under a British license.,SUPPORTS,
Olivia Munn failed to be credited as Lisa Munn.,REFUTES,
Sharon Stone is a Zoroastrian.,NOT ENOUGH INFO,
Naver provides a streaming service.,NOT ENOUGH INFO,
Batman is yet to be released.,REFUTES,
Marlon Brando is an actor who was in Mutiny on the Bounty.,SUPPORTS,
Marlon Brando is an actor who was in Mutiny on the Bounty.,SUPPORTS,
None of lung cancer's symptoms is chest pains.,SUPPORTS,
Julius Caesar possessed a position from 15 February to 15 March.,NOT ENOUGH INFO,
Iran has 21 UNESCO World Heritage Sites.,SUPPORTS,
Iran has 21 UNESCO World Heritage Sites.,SUPPORTS,
Iran has 21 UNESCO World Heritage Sites.,SUPPORTS,
Iran has 21 UNESCO World Heritage Sites.,SUPPORTS,
The Taj Mahal attracts significantly less than 7-8 million visitors a year.,REFUTES,
Sunburn was killed in 1979.,NOT ENOUGH INFO,
Lisbon is in Portugal.,SUPPORTS,
Arya Stark is the daughter of Lady Catelyn Stark.,SUPPORTS,
50 Cent's album Street King Immortal is available worldwide.,NOT ENOUGH INFO,
Selene serves as the central character in a film written by Danny McBride in 2001.,SUPPORTS,
Selene serves as the central character in a film written by Danny McBride in 2001.,SUPPORTS,
Pulp Fiction is an American black comedy neo-noir film released in 1994.,SUPPORTS,
Pulp Fiction is an American black comedy neo-noir film released in 1994.,SUPPORTS,
Prussia became part of a unitary state.,NOT ENOUGH INFO,
Dan Aykroyd has received zero Academy Award nominations.,SUPPORTS,
Dan Aykroyd has received zero Academy Award nominations.,SUPPORTS,
Dhool was directed by Dharani.,SUPPORTS,
Watchmen was number 91 on The Comics Journals list of the top 100 comics of the 20th century that was published in 2001.,REFUTES,
Watchmen was number 91 on The Comics Journals list of the top 100 comics of the 20th century that was published in 2001.,REFUTES,
Android has had prosperity.,SUPPORTS,
Android has had prosperity.,SUPPORTS,
Saddam Hussein died in 1937.,REFUTES,
Saddam Hussein died in 1937.,REFUTES,
Saddam Hussein died in 1937.,REFUTES,
Saddam Hussein died in 1937.,REFUTES,
Saddam Hussein died in 1937.,REFUTES,
Saddam Hussein died in 1937.,REFUTES,
Saddam Hussein died in 1937.,REFUTES,
Saddam Hussein died in 1937.,REFUTES,
Saddam Hussein died in 1937.,REFUTES,
Saddam Hussein died in 1937.,REFUTES,
Saddam Hussein died in 1937.,REFUTES,
Tim Rice has collaborated with someone.,SUPPORTS,
Tim Rice has collaborated with someone.,SUPPORTS,
Hugo Weaving is in zero movies.,REFUTES,
Hugo Weaving is in zero movies.,REFUTES,
Hugo Weaving is in zero movies.,REFUTES,
Hugo Weaving is in zero movies.,REFUTES,
Hugo Weaving is in zero movies.,REFUTES,
Hugo Weaving is in zero movies.,REFUTES,
Christian Bale has written The Fighter.,NOT ENOUGH INFO,
Time Lords have time machines.,SUPPORTS,
Arsenic and Old Lace was released in 1964.,REFUTES,
Arsenic and Old Lace was released in 1964.,REFUTES,
The Catalyst is a rock song.,SUPPORTS,
The Catalyst is a rock song.,SUPPORTS,
The Catalyst is a rock song.,SUPPORTS,
The Catalyst is a rock song.,SUPPORTS,
The Catalyst is a rock song.,SUPPORTS,
The Catalyst is a rock song.,SUPPORTS,
Indiana Jones has been portrayed by Corey Carrier.,SUPPORTS,
Umbrella is a single.,SUPPORTS,
Umbrella is a single.,SUPPORTS,
Umbrella is a single.,SUPPORTS,
Umbrella is a single.,SUPPORTS,
Warren Buffett works for a business magnate.,NOT ENOUGH INFO,
Inhumans is developed for a certain group or purpose.,NOT ENOUGH INFO,
Devdas won five presidential elections.,NOT ENOUGH INFO,
Sandra Bullock stars in The Proposal.,SUPPORTS,
Sandra Bullock stars in The Proposal.,SUPPORTS,
Martin Luther King Jr. worked on segregated housing in earnest.,SUPPORTS,
FC Barcelona was awarded five trophies.,SUPPORTS,
FC Barcelona was awarded five trophies.,SUPPORTS,
FC Barcelona was awarded five trophies.,SUPPORTS,
FC Barcelona was awarded five trophies.,SUPPORTS,
The Great Buck Howard was directed by Ingmar Bergman.,REFUTES,
John McEnroe is famous for his aggressive behavior on the court.,SUPPORTS,
Paper Moon (film) was the number one movie in 1973.,NOT ENOUGH INFO,
Tiger Woods participated in 79 PGA Tour events.,NOT ENOUGH INFO,
Allure is published by Conde Nast on Wednesdays.,NOT ENOUGH INFO,
John Mayer's first EP was released while he was signed to Columbia Records.,SUPPORTS,
Dirty Diana is by Michael Jackson.,SUPPORTS,
Dirty Diana is by Michael Jackson.,SUPPORTS,
Francois de Belleforest translated the works of Polydore Vergil for von Humboldt.,NOT ENOUGH INFO,
American Gods' adaptation began airing.,SUPPORTS,
American Gods' adaptation began airing.,SUPPORTS,
American Gods' adaptation began airing.,SUPPORTS,
American Gods' adaptation began airing.,SUPPORTS,
American Gods' adaptation began airing.,SUPPORTS,
Adrienne Bailon is an American actress.,SUPPORTS,
Marlon Brando was in any movie but Julius Caesar.,REFUTES,
Up All Night was released by Syco Records in 2011.,SUPPORTS,
"Little Miss Sunshine was filmed over 30 days beginning on June 6, 2005.",SUPPORTS,
IO Theater is a place where people train.,SUPPORTS,
Coke Boys Records was founded by an American Rapper.,SUPPORTS,
Lionel Messi won three awards by record voting margins.,NOT ENOUGH INFO,
John McCain was a presidential nominee in 2008.,SUPPORTS,
John McCain was a presidential nominee in 2008.,SUPPORTS,
Gia is a work.,SUPPORTS,
21 Jump Street was released by Columbia Pictures in 2002.,REFUTES,
Robert Richardson has collaborated with media workers.,NOT ENOUGH INFO,
Kuala Lumpur has the Petronas Twin Towers.,SUPPORTS,
Kuala Lumpur has the Petronas Twin Towers.,SUPPORTS,
Kuala Lumpur has the Petronas Twin Towers.,SUPPORTS,
Kuala Lumpur has the Petronas Twin Towers.,SUPPORTS,
Kuala Lumpur has the Petronas Twin Towers.,SUPPORTS,
Kuala Lumpur has the Petronas Twin Towers.,SUPPORTS,
Kuala Lumpur has the Petronas Twin Towers.,SUPPORTS,
"The television series Fargo has an anthology format, setting each season in a different era with a different story and cast.",SUPPORTS,
"The television series Fargo has an anthology format, setting each season in a different era with a different story and cast.",SUPPORTS,
"The television series Fargo has an anthology format, setting each season in a different era with a different story and cast.",SUPPORTS,
"The television series Fargo has an anthology format, setting each season in a different era with a different story and cast.",SUPPORTS,
"The television series Fargo has an anthology format, setting each season in a different era with a different story and cast.",SUPPORTS,
"The television series Fargo has an anthology format, setting each season in a different era with a different story and cast.",SUPPORTS,
An annual training camp is hosted by the Carolina Panthers.,SUPPORTS,
Ronaldo Maczinski is Irish.,REFUTES,
Born This Way is a piece of music.,SUPPORTS,
Born This Way is a piece of music.,SUPPORTS,
"By 1997, Andre Agassi was number 141 in the world.",SUPPORTS,
"By 1997, Andre Agassi was number 141 in the world.",SUPPORTS,
"By 1997, Andre Agassi was number 141 in the world.",SUPPORTS,
"By 1997, Andre Agassi was number 141 in the world.",SUPPORTS,
"By 1997, Andre Agassi was number 141 in the world.",SUPPORTS,
"Charles, Prince of Wales was a grandchild of a king.",SUPPORTS,
Kitti's hog-nosed bat is the most common species of bat in the world.,NOT ENOUGH INFO,
Man of Steel is a superhero movie from 2013.,SUPPORTS,
Man of Steel is a superhero movie from 2013.,SUPPORTS,
Man of Steel is a superhero movie from 2013.,SUPPORTS,
Man of Steel is a superhero movie from 2013.,SUPPORTS,
Man of Steel is a superhero movie from 2013.,SUPPORTS,
Man of Steel is a superhero movie from 2013.,SUPPORTS,
Man of Steel is a superhero movie from 2013.,SUPPORTS,
Kate Beckinsale was directed by James Ivory.,SUPPORTS,
Kate Beckinsale was directed by James Ivory.,SUPPORTS,
Shakira is a performer.,SUPPORTS,
Shakira is a performer.,SUPPORTS,
Shakira is a performer.,SUPPORTS,
Shakira is a performer.,SUPPORTS,
Shakira is a performer.,SUPPORTS,
Shakira is a performer.,SUPPORTS,
Shakira is a performer.,SUPPORTS,
Shakira is a performer.,SUPPORTS,
Shakira is a performer.,SUPPORTS,
Michael Schumacher is a professional writer,REFUTES,
Bridget Moynahan was cut from Lord of War.,REFUTES,
There is a mosque in the Taj Mahal.,SUPPORTS,
The United States is entirely in NATO.,NOT ENOUGH INFO,
Cry Freedom wasn't shot in Kenya.,REFUTES,
"In the United States presidential election of 1972, Richard Nixon was a candidate.",SUPPORTS,
There is a cultural attraction called the Museum of Science and Industry.,SUPPORTS,
There is a cultural attraction called the Museum of Science and Industry.,SUPPORTS,
There is a cultural attraction called the Museum of Science and Industry.,SUPPORTS,
Carrie Fisher wrote a book.,SUPPORTS,
Anil Kapoor has never been a producer.,REFUTES,
Anil Kapoor has never been a producer.,REFUTES,
Adolf Hitler encouraged settler colonialism.,SUPPORTS,
Adolf Hitler encouraged settler colonialism.,SUPPORTS,
Before Night Falls is a film.,SUPPORTS,
Before Night Falls is a film.,SUPPORTS,
Before Night Falls is a film.,SUPPORTS,
An example of a Christmas comedy film is Home Alone.,SUPPORTS,
Steven Price (composer) worked on the film Gravity.,SUPPORTS,
Carrie Fisher was in a musical horror comedy.,NOT ENOUGH INFO,
The 1991 NBA Finals had the Lakers in it.,SUPPORTS,
The 1991 NBA Finals had the Lakers in it.,SUPPORTS,
The 1991 NBA Finals had the Lakers in it.,SUPPORTS,
Google has been the second most valuable brand in the world for 4 blue years.,SUPPORTS,
Instagram is a photo-sharing application.,SUPPORTS,
International Relations includes the U.N.,NOT ENOUGH INFO,
Prussia used to be an independent city.,NOT ENOUGH INFO,
Snooki & Jwoww was renewed by at least one channel.,SUPPORTS,
Snooki & Jwoww was renewed by at least one channel.,SUPPORTS,
The Republican Party was strongly committed to Spain.,NOT ENOUGH INFO,
The Eagles broke up in 1980.,SUPPORTS,
Black Widow is Russian.,SUPPORTS,
Portugal is the 5th most peaceful country in the world and it also features a high-income advanced economy and the 18th highest social progress in the world.,SUPPORTS,
Portugal is the 5th most peaceful country in the world and it also features a high-income advanced economy and the 18th highest social progress in the world.,SUPPORTS,
Portugal is the 5th most peaceful country in the world and it also features a high-income advanced economy and the 18th highest social progress in the world.,SUPPORTS,
A temperate seasonal climate influences Berlin.,SUPPORTS,
Drama school offers a Ph.D.,NOT ENOUGH INFO,
Twitter had about 1.6 billion search queries per day in 2012.,SUPPORTS,
Water occurs in nature as glue.,NOT ENOUGH INFO,
Afghanistan is in the Eastern Hemisphere.,NOT ENOUGH INFO,
Ramadan is the ninth calendar month in Islam.,SUPPORTS,
The self-empowerment of the LGBT community is discussed in Born This Way.,SUPPORTS,
Unpredictable had a song called Mr. Wonderful.,NOT ENOUGH INFO,
Hugo Weaving is in Suits.,NOT ENOUGH INFO,
Jean Grey was present.,NOT ENOUGH INFO,
Mao Zedong lived until 1976.,SUPPORTS,
Mao Zedong lived until 1976.,SUPPORTS,
"The Hangover Part III includes Bradley Cooper, Ed Helms, Zach Galifianakis, Justin Bartha, and Ken Jeong, Jeffrey Tambor, Heather Graham, Mike Epps, Melissa McCarthy and John Goodman.",SUPPORTS,
"The Hangover Part III includes Bradley Cooper, Ed Helms, Zach Galifianakis, Justin Bartha, and Ken Jeong, Jeffrey Tambor, Heather Graham, Mike Epps, Melissa McCarthy and John Goodman.",SUPPORTS,
Steven Tyler was active in the early 1980s.,REFUTES,
Wikipedia has articles in only english.,REFUTES,
The Philadelphia Museum of Art contains major holdings of English origin.,NOT ENOUGH INFO,
Ellyse Perry is a man.,REFUTES,
Ellyse Perry is a man.,REFUTES,
Ellyse Perry is a man.,REFUTES,
Ellyse Perry is a man.,REFUTES,
Ellyse Perry is a man.,REFUTES,
Ellyse Perry is a man.,REFUTES,
Ellyse Perry is a man.,REFUTES,
Ellyse Perry is a man.,REFUTES,
Ellyse Perry is a man.,REFUTES,
Ellyse Perry is a man.,REFUTES,
Ellyse Perry is a man.,REFUTES,
Ellyse Perry is a man.,REFUTES,
Ellyse Perry is a man.,REFUTES,
Ellyse Perry is a man.,REFUTES,
Ellyse Perry is a man.,REFUTES,
Ellyse Perry is a man.,REFUTES,
Ellyse Perry is a man.,REFUTES,
Ellyse Perry is a man.,REFUTES,
Ellyse Perry is a man.,REFUTES,
Ellyse Perry is a man.,REFUTES,
Ellyse Perry is a man.,REFUTES,
Ellyse Perry is a man.,REFUTES,
Ellyse Perry is a man.,REFUTES,
Ellyse Perry is a man.,REFUTES,
Ellyse Perry is a man.,REFUTES,
Ellyse Perry is a man.,REFUTES,
Ellyse Perry is a man.,REFUTES,
Ellyse Perry is a man.,REFUTES,
Ellyse Perry is a man.,REFUTES,
Ellyse Perry is a man.,REFUTES,
Ellyse Perry is a man.,REFUTES,
Ellyse Perry is a man.,REFUTES,
Ellyse Perry is a man.,REFUTES,
Ellyse Perry is a man.,REFUTES,
Ellyse Perry is a man.,REFUTES,
Ellyse Perry is a man.,REFUTES,
Ellyse Perry is a man.,REFUTES,
Ellyse Perry is a man.,REFUTES,
Ellyse Perry is a man.,REFUTES,
Ellyse Perry is a man.,REFUTES,
Ellyse Perry is a man.,REFUTES,
Ellyse Perry is a man.,REFUTES,
Ellyse Perry is a man.,REFUTES,
Ellyse Perry is a man.,REFUTES,
Ellyse Perry is a man.,REFUTES,
Ellyse Perry is a man.,REFUTES,
Ellyse Perry is a man.,REFUTES,
Ellyse Perry is a man.,REFUTES,
Ellyse Perry is a man.,REFUTES,
Ellyse Perry is a man.,REFUTES,
American Idiot has not had five successful singles.,REFUTES,
American Idiot has not had five successful singles.,REFUTES,
Wyatt Earp was an actor.,REFUTES,
Sierra Leone's first Bishop  was Sir Milton Margai.,NOT ENOUGH INFO,
Jane Fonda has been in a television show with Lily Tomlin.,NOT ENOUGH INFO,
Monica Seles sang the national anthem at the second Grand Slam event of 2003.,NOT ENOUGH INFO,
Toronto is the least populous city in Canada.,REFUTES,
Toronto is the least populous city in Canada.,REFUTES,
Paul is Steve Jobs' middle name.,SUPPORTS,
Destiny was released for the console Playstation 4.,SUPPORTS,
Heather Graham played the title character in the series Emily's Reasons Why Not in 2010.,SUPPORTS,
Battle Studies World Tour was a global tour.,SUPPORTS,
Slash is in NASCAR.,NOT ENOUGH INFO,
Samuel L. Jackson was in the M. Night Shyamalan film Unbreakable.,SUPPORTS,
The Murder of Roger Ackroyd is a work of science fiction.,NOT ENOUGH INFO,
The Murder of Roger Ackroyd is a work of science fiction.,NOT ENOUGH INFO,
LeBron James appeared in a film written for television.,NOT ENOUGH INFO,
Singapore is south of Indonesia.,REFUTES,
David Koepp is an artist.,NOT ENOUGH INFO,
Jennifer Hudson was a finalist of American Idol.,SUPPORTS,
Hong Kong is incapable of being consistently ranked as the world's most freest economic entity.,REFUTES,
Manchester City F.C. was bought by the Abu Dhabi United Group.,SUPPORTS,
Unapologetic is a work.,SUPPORTS,
Unapologetic is a work.,SUPPORTS,
"Nike, Inc.'s only trademarks are ""Just Do It"" and the Swoosh logo.",NOT ENOUGH INFO,
"Nike, Inc.'s only trademarks are ""Just Do It"" and the Swoosh logo.",NOT ENOUGH INFO,
Andre Agassi is a golfer.,REFUTES,
Andre Agassi is a golfer.,REFUTES,
Liverpool F.C. was managed by Bill Shankly.,SUPPORTS,
Liverpool F.C. was managed by Bill Shankly.,SUPPORTS,
Bangladesh is a founding member of nationalism.,REFUTES,
Jon Pertwee took part in Worzel Gummidge.,SUPPORTS,
Lee Child was born on October 29.,SUPPORTS,
David Carradine was nominated for four Academy Awards.,NOT ENOUGH INFO,
Will Ferrell worked on an American computer model.,NOT ENOUGH INFO,
Tequila is incapable of being made in Mexico.,REFUTES,
Tequila is incapable of being made in Mexico.,REFUTES,
Selena Gomez is a Catholic.,NOT ENOUGH INFO,
Michael Phelps holds three long course world records for swimming.,SUPPORTS,
Belgium has a transport network.,NOT ENOUGH INFO,
Belgium has a transport network.,NOT ENOUGH INFO,
Donald Glover never released an album.,REFUTES,
Donald Glover never released an album.,REFUTES,
Donald Glover never released an album.,REFUTES,
Donald Glover never released an album.,REFUTES,
Donald Glover never released an album.,REFUTES,
FC Barcelona was ranked second in the IFFHS Club World Ranking for 2015.,REFUTES,
Courteney Cox appeared on a show created by David Crane and Marta Kauffman.,SUPPORTS,
Courteney Cox appeared on a show created by David Crane and Marta Kauffman.,SUPPORTS,
Sociology is the study of politics.,NOT ENOUGH INFO,
Elizabeth Taylor was a singer.,NOT ENOUGH INFO,
Elizabeth Taylor was a singer.,NOT ENOUGH INFO,
Elizabeth Taylor was a singer.,NOT ENOUGH INFO,
Elizabeth Taylor was a singer.,NOT ENOUGH INFO,
Elizabeth Taylor was a singer.,NOT ENOUGH INFO,
Chris Pine appeared in a 2012 American romantic comedy spy film.,SUPPORTS,
Chris Pine appeared in a 2012 American romantic comedy spy film.,SUPPORTS,
Ratatouille was directed by one person.,REFUTES,
Kurt Angle won a gold medal in freestyle wrestling at the 1995 World Wrestling Championships.,SUPPORTS,
Iron Fist was created by Damon Lindelof.,REFUTES,
Dangerous Beauty is a 1990 film.,REFUTES,
Freddie Mercury received a 4-star restaurant rating.,NOT ENOUGH INFO,
The Avengers (2012 film) features Chris Evans.,SUPPORTS,
The Avengers (2012 film) features Chris Evans.,SUPPORTS,
The Avengers (2012 film) features Chris Evans.,SUPPORTS,
Jerry Goldsmith failed to collaborate with anybody during his career.,REFUTES,
"Charles, Prince of Wales sponsors The Prince's Charities.",SUPPORTS,
Grizz Chapman was on 30 Rock.,SUPPORTS,
Grizz Chapman was on 30 Rock.,SUPPORTS,
Nicki Minaj is a person.,SUPPORTS,
Nicki Minaj is a person.,SUPPORTS,
Nicki Minaj is a person.,SUPPORTS,
Nicki Minaj is a person.,SUPPORTS,
Nicki Minaj is a person.,SUPPORTS,
Nicki Minaj is a person.,SUPPORTS,
Nicki Minaj is a person.,SUPPORTS,
Margaret of Valois was imprisoned.,SUPPORTS,
Rabat has a metropolitan population of more than 1.2 billion.,NOT ENOUGH INFO,
The Dayton Agreement was formally signed in Paris in 1995.,SUPPORTS,
The Dayton Agreement was formally signed in Paris in 1995.,SUPPORTS,
The Mughal Empire was located in southern Asia.,NOT ENOUGH INFO,
Monica Seles was a golfer.,NOT ENOUGH INFO,
"As the World Turns went away and an American talk show debuted on October 18, 2010 in its place.",SUPPORTS,
Princess Agents is a novel adaptation.,SUPPORTS,
The Vampire Diaries only aired two seasons.,REFUTES,
The Vampire Diaries only aired two seasons.,REFUTES,
The Vampire Diaries only aired two seasons.,REFUTES,
The Vampire Diaries only aired two seasons.,REFUTES,
The Vampire Diaries only aired two seasons.,REFUTES,
The Vampire Diaries only aired two seasons.,REFUTES,
The Vampire Diaries only aired two seasons.,REFUTES,
The Vampire Diaries only aired two seasons.,REFUTES,
The Vampire Diaries only aired two seasons.,REFUTES,
The Vampire Diaries only aired two seasons.,REFUTES,
The Vampire Diaries only aired two seasons.,REFUTES,
The Vampire Diaries only aired two seasons.,REFUTES,
The Vampire Diaries only aired two seasons.,REFUTES,
The Vampire Diaries only aired two seasons.,REFUTES,
The Vampire Diaries only aired two seasons.,REFUTES,
The Vampire Diaries only aired two seasons.,REFUTES,
The Vampire Diaries only aired two seasons.,REFUTES,
The Vampire Diaries only aired two seasons.,REFUTES,
The Vampire Diaries only aired two seasons.,REFUTES,
The Vampire Diaries only aired two seasons.,REFUTES,
The Vampire Diaries only aired two seasons.,REFUTES,
The Vampire Diaries only aired two seasons.,REFUTES,
The Vampire Diaries only aired two seasons.,REFUTES,
Inception's producers include Marion Cotillard.,NOT ENOUGH INFO,
The Ten Commandments is reviewed by Cecil B. DeMille.,REFUTES,
Jim Carrey appeared in a film that is based on a comic book and cats.,NOT ENOUGH INFO,
The Bends was released in the 1990's.,SUPPORTS,
Alandi is only a city.,REFUTES,
A singer in Got a Girl starred in Final Destination 3.,SUPPORTS,
A singer in Got a Girl starred in Final Destination 3.,SUPPORTS,
Peggy Sue Got Married was directed by an American director.,SUPPORTS,
Peggy Sue Got Married was directed by an American director.,SUPPORTS,
Peggy Sue Got Married was directed by an American director.,SUPPORTS,
